block_id,sub_block_id,aic_time(us),aic_total_cycles,aic_cube_ratio,aic_cube_fp16_ratio,aic_cube_int8_ratio,aic_cube_fops,aic_cube_total_instr_number,aic_cube_fp_instr_number,aic_cube_int_instr_number,aiv_time(us),aiv_total_cycles,aiv_vec_ratio,aiv_vec_fp32_ratio,aiv_vec_fp16_ratio,aiv_vec_int32_ratio,aiv_vec_int16_ratio,aiv_vec_misc_ratio,aiv_vec_fops,
0,cube0,19.567879,32287,0.045430,0.045430,0.000000,262144,32,32,0,NA,NA,NA,NA,NA,NA,NA,NA,NA,
0,vector0,NA,NA,NA,NA,NA,NA,NA,NA,NA,21.199394,34979,0.012154,0.011100,0.000000,0.000000,0.000000,0.000257,58144,
0,vector1,NA,NA,NA,NA,NA,NA,NA,NA,NA,21.058788,34747,0.012154,0.011100,0.000000,0.000000,0.000000,0.000257,58144,
1,cube0,19.750910,32589,0.045430,0.045430,0.000000,262144,32,32,0,NA,NA,NA,NA,NA,NA,NA,NA,NA,
1,vector0,NA,NA,NA,NA,NA,NA,NA,NA,NA,21.396969,35305,0.012154,0.011100,0.000000,0.000000,0.000000,0.000257,58144,
1,vector1,NA,NA,NA,NA,NA,NA,NA,NA,NA,21.341211,35213,0.012154,0.011100,0.000000,0.000000,0.000000,0.000257,58144,
2,cube0,19.874546,32793,0.045430,0.045430,0.000000,262144,32,32,0,NA,NA,NA,NA,NA,NA,NA,NA,NA,
2,vector0,NA,NA,NA,NA,NA,NA,NA,NA,NA,21.385454,35286,0.012154,0.011100,0.000000,0.000000,0.000000,0.000257,58144,
2,vector1,NA,NA,NA,NA,NA,NA,NA,NA,NA,21.565454,35583,0.012154,0.011100,0.000000,0.000000,0.000000,0.000257,58144,
3,cube0,19.784243,32644,0.045430,0.045430,0.000000,262144,32,32,0,NA,NA,NA,NA,NA,NA,NA,NA,NA,
3,vector0,NA,NA,NA,NA,NA,NA,NA,NA,NA,21.588486,35621,0.012154,0.011100,0.000000,0.000000,0.000000,0.000257,58144,
3,vector1,NA,NA,NA,NA,NA,NA,NA,NA,NA,21.206667,34991,0.012154,0.011100,0.000000,0.000000,0.000000,0.000257,58144,
4,cube0,20.135757,33224,0.045430,0.045430,0.000000,262144,32,32,0,NA,NA,NA,NA,NA,NA,NA,NA,NA,
4,vector0,NA,NA,NA,NA,NA,NA,NA,NA,NA,21.529091,35523,0.012154,0.011100,0.000000,0.000000,0.000000,0.000257,58144,
4,vector1,NA,NA,NA,NA,NA,NA,NA,NA,NA,21.621212,35675,0.012154,0.011100,0.000000,0.000000,0.000000,0.000257,58144,
5,cube0,20.241817,33399,0.045430,0.045430,0.000000,262144,32,32,0,NA,NA,NA,NA,NA,NA,NA,NA,NA,
5,vector0,NA,NA,NA,NA,NA,NA,NA,NA,NA,21.824242,36010,0.012154,0.011100,0.000000,0.000000,0.000000,0.000257,58144,
5,vector1,NA,NA,NA,NA,NA,NA,NA,NA,NA,21.841211,36038,0.012154,0.011100,0.000000,0.000000,0.000000,0.000257,58144,
6,cube0,20.844242,34393,0.045430,0.045430,0.000000,262144,32,32,0,NA,NA,NA,NA,NA,NA,NA,NA,NA,
6,vector0,NA,NA,NA,NA,NA,NA,NA,NA,NA,22.247272,36708,0.012154,0.011100,0.000000,0.000000,0.000000,0.000257,58144,
6,vector1,NA,NA,NA,NA,NA,NA,NA,NA,NA,23.616970,38968,0.012154,0.011100,0.000000,0.000000,0.000000,0.000257,58144,
7,cube0,20.833939,34376,0.045430,0.045430,0.000000,262144,32,32,0,NA,NA,NA,NA,NA,NA,NA,NA,NA,
7,vector0,NA,NA,NA,NA,NA,NA,NA,NA,NA,22.469696,37075,0.012154,0.011100,0.000000,0.000000,0.000000,0.000257,58144,
7,vector1,NA,NA,NA,NA,NA,NA,NA,NA,NA,22.780001,37587,0.012154,0.011100,0.000000,0.000000,0.000000,0.000257,58144,
8,cube0,19.712727,32526,0.045430,0.045430,0.000000,262144,32,32,0,NA,NA,NA,NA,NA,NA,NA,NA,NA,
8,vector0,NA,NA,NA,NA,NA,NA,NA,NA,NA,21.036970,34711,0.012154,0.011100,0.000000,0.000000,0.000000,0.000257,58144,
8,vector1,NA,NA,NA,NA,NA,NA,NA,NA,NA,21.056364,34743,0.012154,0.011100,0.000000,0.000000,0.000000,0.000257,58144,
9,cube0,19.852121,32756,0.045430,0.045430,0.000000,262144,32,32,0,NA,NA,NA,NA,NA,NA,NA,NA,NA,
9,vector0,NA,NA,NA,NA,NA,NA,NA,NA,NA,21.298182,35142,0.012154,0.011100,0.000000,0.000000,0.000000,0.000257,58144,
9,vector1,NA,NA,NA,NA,NA,NA,NA,NA,NA,21.243637,35052,0.012154,0.011100,0.000000,0.000000,0.000000,0.000257,58144,
10,cube0,19.619394,32372,0.045430,0.045430,0.000000,262144,32,32,0,NA,NA,NA,NA,NA,NA,NA,NA,NA,
10,vector0,NA,NA,NA,NA,NA,NA,NA,NA,NA,20.908485,34499,0.012154,0.011100,0.000000,0.000000,0.000000,0.000257,58144,
10,vector1,NA,NA,NA,NA,NA,NA,NA,NA,NA,20.914545,34509,0.012154,0.011100,0.000000,0.000000,0.000000,0.000257,58144,
11,cube0,19.846060,32746,0.045430,0.045430,0.000000,262144,32,32,0,NA,NA,NA,NA,NA,NA,NA,NA,NA,
11,vector0,NA,NA,NA,NA,NA,NA,NA,NA,NA,21.178183,34944,0.012154,0.011100,0.000000,0.000000,0.000000,0.000257,58144,
11,vector1,NA,NA,NA,NA,NA,NA,NA,NA,NA,21.230909,35031,0.012154,0.011100,0.000000,0.000000,0.000000,0.000257,58144,
12,cube0,19.930908,32886,0.045430,0.045430,0.000000,262144,32,32,0,NA,NA,NA,NA,NA,NA,NA,NA,NA,
12,vector0,NA,NA,NA,NA,NA,NA,NA,NA,NA,21.592121,35627,0.012154,0.011100,0.000000,0.000000,0.000000,0.000257,58144,
12,vector1,NA,NA,NA,NA,NA,NA,NA,NA,NA,21.772728,35925,0.012154,0.011100,0.000000,0.000000,0.000000,0.000257,58144,
13,cube0,19.928484,32882,0.045430,0.045430,0.000000,262144,32,32,0,NA,NA,NA,NA,NA,NA,NA,NA,NA,
13,vector0,NA,NA,NA,NA,NA,NA,NA,NA,NA,21.303637,35151,0.012154,0.011100,0.000000,0.000000,0.000000,0.000257,58144,
13,vector1,NA,NA,NA,NA,NA,NA,NA,NA,NA,21.473333,35431,0.012154,0.011100,0.000000,0.000000,0.000000,0.000257,58144,
14,cube0,20.711515,34174,0.045430,0.045430,0.000000,262144,32,32,0,NA,NA,NA,NA,NA,NA,NA,NA,NA,
14,vector0,NA,NA,NA,NA,NA,NA,NA,NA,NA,22.067272,36411,0.012154,0.011100,0.000000,0.000000,0.000000,0.000257,58144,
14,vector1,NA,NA,NA,NA,NA,NA,NA,NA,NA,22.883030,37757,0.012154,0.011100,0.000000,0.000000,0.000000,0.000257,58144,
15,cube0,20.950909,34569,0.045430,0.045430,0.000000,262144,32,32,0,NA,NA,NA,NA,NA,NA,NA,NA,NA,
15,vector0,NA,NA,NA,NA,NA,NA,NA,NA,NA,22.337576,36857,0.012154,0.011100,0.000000,0.000000,0.000000,0.000257,58144,
15,vector1,NA,NA,NA,NA,NA,NA,NA,NA,NA,24.385454,40236,0.012154,0.011100,0.000000,0.000000,0.000000,0.000257,58144,
16,cube0,19.161818,31617,0.045430,0.045430,0.000000,262144,32,32,0,NA,NA,NA,NA,NA,NA,NA,NA,NA,
16,vector0,NA,NA,NA,NA,NA,NA,NA,NA,NA,20.466061,33769,0.012154,0.011100,0.000000,0.000000,0.000000,0.000257,58144,
16,vector1,NA,NA,NA,NA,NA,NA,NA,NA,NA,20.704849,34163,0.012154,0.011100,0.000000,0.000000,0.000000,0.000257,58144,
17,cube0,19.165455,31623,0.045430,0.045430,0.000000,262144,32,32,0,NA,NA,NA,NA,NA,NA,NA,NA,NA,
17,vector0,NA,NA,NA,NA,NA,NA,NA,NA,NA,20.790302,34304,0.012154,0.011100,0.000000,0.000000,0.000000,0.000257,58144,
17,vector1,NA,NA,NA,NA,NA,NA,NA,NA,NA,20.466667,33770,0.012154,0.011100,0.000000,0.000000,0.000000,0.000257,58144,
18,cube0,19.350304,31928,0.045430,0.045430,0.000000,262144,32,32,0,NA,NA,NA,NA,NA,NA,NA,NA,NA,
18,vector0,NA,NA,NA,NA,NA,NA,NA,NA,NA,20.604242,33997,0.012154,0.011100,0.000000,0.000000,0.000000,0.000257,58144,
18,vector1,NA,NA,NA,NA,NA,NA,NA,NA,NA,20.998182,34647,0.012154,0.011100,0.000000,0.000000,0.000000,0.000257,58144,
19,cube0,19.345455,31920,0.045430,0.045430,0.000000,262144,32,32,0,NA,NA,NA,NA,NA,NA,NA,NA,NA,
19,vector0,NA,NA,NA,NA,NA,NA,NA,NA,NA,20.870909,34437,0.012154,0.011100,0.000000,0.000000,0.000000,0.000257,58144,
19,vector1,NA,NA,NA,NA,NA,NA,NA,NA,NA,20.730909,34206,0.012154,0.011100,0.000000,0.000000,0.000000,0.000257,58144,
20,cube0,15.366060,25354,0.045430,0.045430,0.000000,262144,32,32,0,NA,NA,NA,NA,NA,NA,NA,NA,NA,
20,vector0,NA,NA,NA,NA,NA,NA,NA,NA,NA,16.981817,28020,0.012154,0.011100,0.000000,0.000000,0.000000,0.000257,58144,
20,vector1,NA,NA,NA,NA,NA,NA,NA,NA,NA,17.021818,28086,0.012154,0.011100,0.000000,0.000000,0.000000,0.000257,58144,
21,cube0,15.561213,25676,0.045430,0.045430,0.000000,262144,32,32,0,NA,NA,NA,NA,NA,NA,NA,NA,NA,
21,vector0,NA,NA,NA,NA,NA,NA,NA,NA,NA,17.193939,28370,0.012154,0.011100,0.000000,0.000000,0.000000,0.000257,58144,
21,vector1,NA,NA,NA,NA,NA,NA,NA,NA,NA,17.132727,28269,0.012154,0.011100,0.000000,0.000000,0.000000,0.000257,58144,
22,cube0,15.039394,24815,0.045430,0.045430,0.000000,262144,32,32,0,NA,NA,NA,NA,NA,NA,NA,NA,NA,
22,vector0,NA,NA,NA,NA,NA,NA,NA,NA,NA,16.731516,27607,0.012154,0.011100,0.000000,0.000000,0.000000,0.000257,58144,
22,vector1,NA,NA,NA,NA,NA,NA,NA,NA,NA,16.532122,27278,0.012154,0.011100,0.000000,0.000000,0.000000,0.000257,58144,
23,cube0,15.092728,24903,0.045430,0.045430,0.000000,262144,32,32,0,NA,NA,NA,NA,NA,NA,NA,NA,NA,
23,vector0,NA,NA,NA,NA,NA,NA,NA,NA,NA,16.849697,27802,0.012154,0.011100,0.000000,0.000000,0.000000,0.000257,58144,
23,vector1,NA,NA,NA,NA,NA,NA,NA,NA,NA,16.809696,27736,0.012154,0.011100,0.000000,0.000000,0.000000,0.000257,58144,
24,cube0,16.814545,27744,0.045430,0.045430,0.000000,262144,32,32,0,NA,NA,NA,NA,NA,NA,NA,NA,NA,
24,vector0,NA,NA,NA,NA,NA,NA,NA,NA,NA,18.376364,30321,0.012154,0.011100,0.000000,0.000000,0.000000,0.000257,58144,
24,vector1,NA,NA,NA,NA,NA,NA,NA,NA,NA,18.541212,30593,0.012154,0.011100,0.000000,0.000000,0.000000,0.000257,58144,
25,cube0,16.595152,27382,0.045430,0.045430,0.000000,262144,32,32,0,NA,NA,NA,NA,NA,NA,NA,NA,NA,
25,vector0,NA,NA,NA,NA,NA,NA,NA,NA,NA,18.103031,29870,0.012154,0.011100,0.000000,0.000000,0.000000,0.000257,58144,
25,vector1,NA,NA,NA,NA,NA,NA,NA,NA,NA,18.111515,29884,0.012154,0.011100,0.000000,0.000000,0.000000,0.000257,58144,
26,cube0,17.189697,28363,0.045430,0.045430,0.000000,262144,32,32,0,NA,NA,NA,NA,NA,NA,NA,NA,NA,
26,vector0,NA,NA,NA,NA,NA,NA,NA,NA,NA,18.731516,30907,0.012154,0.011100,0.000000,0.000000,0.000000,0.000257,58144,
26,vector1,NA,NA,NA,NA,NA,NA,NA,NA,NA,18.904848,31193,0.012154,0.011100,0.000000,0.000000,0.000000,0.000257,58144,
27,cube0,16.743637,27627,0.045430,0.045430,0.000000,262144,32,32,0,NA,NA,NA,NA,NA,NA,NA,NA,NA,
27,vector0,NA,NA,NA,NA,NA,NA,NA,NA,NA,18.243031,30101,0.012154,0.011100,0.000000,0.000000,0.000000,0.000257,58144,
27,vector1,NA,NA,NA,NA,NA,NA,NA,NA,NA,18.236364,30090,0.012154,0.011100,0.000000,0.000000,0.000000,0.000257,58144,
28,cube0,16.902424,27889,0.045430,0.045430,0.000000,262144,32,32,0,NA,NA,NA,NA,NA,NA,NA,NA,NA,
28,vector0,NA,NA,NA,NA,NA,NA,NA,NA,NA,18.516970,30553,0.012154,0.011100,0.000000,0.000000,0.000000,0.000257,58144,
28,vector1,NA,NA,NA,NA,NA,NA,NA,NA,NA,18.633940,30746,0.012154,0.011100,0.000000,0.000000,0.000000,0.000257,58144,
29,cube0,16.484241,27199,0.045430,0.045430,0.000000,262144,32,32,0,NA,NA,NA,NA,NA,NA,NA,NA,NA,
29,vector0,NA,NA,NA,NA,NA,NA,NA,NA,NA,18.250303,30113,0.012154,0.011100,0.000000,0.000000,0.000000,0.000257,58144,
29,vector1,NA,NA,NA,NA,NA,NA,NA,NA,NA,18.228485,30077,0.012154,0.011100,0.000000,0.000000,0.000000,0.000257,58144,
30,cube0,16.632727,27444,0.045430,0.045430,0.000000,262144,32,32,0,NA,NA,NA,NA,NA,NA,NA,NA,NA,
30,vector0,NA,NA,NA,NA,NA,NA,NA,NA,NA,18.258183,30126,0.012154,0.011100,0.000000,0.000000,0.000000,0.000257,58144,
30,vector1,NA,NA,NA,NA,NA,NA,NA,NA,NA,18.229696,30079,0.012154,0.011100,0.000000,0.000000,0.000000,0.000257,58144,
31,cube0,16.424242,27100,0.045430,0.045430,0.000000,262144,32,32,0,NA,NA,NA,NA,NA,NA,NA,NA,NA,
31,vector0,NA,NA,NA,NA,NA,NA,NA,NA,NA,17.964848,29642,0.012154,0.011100,0.000000,0.000000,0.000000,0.000257,58144,
31,vector1,NA,NA,NA,NA,NA,NA,NA,NA,NA,17.923031,29573,0.012154,0.011100,0.000000,0.000000,0.000000,0.000257,58144,
32,cube0,16.796970,27715,0.045430,0.045430,0.000000,262144,32,32,0,NA,NA,NA,NA,NA,NA,NA,NA,NA,
32,vector0,NA,NA,NA,NA,NA,NA,NA,NA,NA,18.452122,30446,0.012154,0.011100,0.000000,0.000000,0.000000,0.000257,58144,
32,vector1,NA,NA,NA,NA,NA,NA,NA,NA,NA,18.552122,30611,0.012154,0.011100,0.000000,0.000000,0.000000,0.000257,58144,
33,cube0,16.485455,27201,0.045430,0.045430,0.000000,262144,32,32,0,NA,NA,NA,NA,NA,NA,NA,NA,NA,
33,vector0,NA,NA,NA,NA,NA,NA,NA,NA,NA,18.040001,29766,0.012154,0.011100,0.000000,0.000000,0.000000,0.000257,58144,
33,vector1,NA,NA,NA,NA,NA,NA,NA,NA,NA,18.094545,29856,0.012154,0.011100,0.000000,0.000000,0.000000,0.000257,58144,
34,cube0,16.544243,27298,0.045430,0.045430,0.000000,262144,32,32,0,NA,NA,NA,NA,NA,NA,NA,NA,NA,
34,vector0,NA,NA,NA,NA,NA,NA,NA,NA,NA,18.372726,30315,0.012154,0.011100,0.000000,0.000000,0.000000,0.000257,58144,
34,vector1,NA,NA,NA,NA,NA,NA,NA,NA,NA,18.306667,30206,0.012154,0.011100,0.000000,0.000000,0.000000,0.000257,58144,
35,cube0,16.597576,27386,0.045430,0.045430,0.000000,262144,32,32,0,NA,NA,NA,NA,NA,NA,NA,NA,NA,
35,vector0,NA,NA,NA,NA,NA,NA,NA,NA,NA,18.315758,30221,0.012154,0.011100,0.000000,0.000000,0.000000,0.000257,58144,
35,vector1,NA,NA,NA,NA,NA,NA,NA,NA,NA,18.271515,30148,0.012154,0.011100,0.000000,0.000000,0.000000,0.000257,58144,
36,cube0,16.600607,27391,0.045430,0.045430,0.000000,262144,32,32,0,NA,NA,NA,NA,NA,NA,NA,NA,NA,
36,vector0,NA,NA,NA,NA,NA,NA,NA,NA,NA,18.331514,30247,0.012154,0.011100,0.000000,0.000000,0.000000,0.000257,58144,
36,vector1,NA,NA,NA,NA,NA,NA,NA,NA,NA,18.352728,30282,0.012154,0.011100,0.000000,0.000000,0.000000,0.000257,58144,
37,cube0,16.095758,26558,0.045430,0.045430,0.000000,262144,32,32,0,NA,NA,NA,NA,NA,NA,NA,NA,NA,
37,vector0,NA,NA,NA,NA,NA,NA,NA,NA,NA,17.636364,29100,0.012154,0.011100,0.000000,0.000000,0.000000,0.000257,58144,
37,vector1,NA,NA,NA,NA,NA,NA,NA,NA,NA,17.588486,29021,0.012154,0.011100,0.000000,0.000000,0.000000,0.000257,58144,
38,cube0,15.994545,26391,0.045430,0.045430,0.000000,262144,32,32,0,NA,NA,NA,NA,NA,NA,NA,NA,NA,
38,vector0,NA,NA,NA,NA,NA,NA,NA,NA,NA,17.527273,28920,0.012154,0.011100,0.000000,0.000000,0.000000,0.000257,58144,
38,vector1,NA,NA,NA,NA,NA,NA,NA,NA,NA,17.507273,28887,0.012154,0.011100,0.000000,0.000000,0.000000,0.000257,58144,
39,cube0,15.209091,25095,0.045430,0.045430,0.000000,262144,32,32,0,NA,NA,NA,NA,NA,NA,NA,NA,NA,
39,vector0,NA,NA,NA,NA,NA,NA,NA,NA,NA,17.517576,28904,0.012154,0.011100,0.000000,0.000000,0.000000,0.000257,58144,
39,vector1,NA,NA,NA,NA,NA,NA,NA,NA,NA,16.746061,27631,0.012154,0.011100,0.000000,0.000000,0.000000,0.000257,58144,
40,cube0,15.364243,25351,0.045430,0.045430,0.000000,262144,32,32,0,NA,NA,NA,NA,NA,NA,NA,NA,NA,
40,vector0,NA,NA,NA,NA,NA,NA,NA,NA,NA,16.933332,27940,0.012154,0.011100,0.000000,0.000000,0.000000,0.000257,58144,
40,vector1,NA,NA,NA,NA,NA,NA,NA,NA,NA,16.851515,27805,0.012154,0.011100,0.000000,0.000000,0.000000,0.000257,58144,
41,cube0,15.396970,25405,0.045430,0.045430,0.000000,262144,32,32,0,NA,NA,NA,NA,NA,NA,NA,NA,NA,
41,vector0,NA,NA,NA,NA,NA,NA,NA,NA,NA,17.106667,28226,0.012154,0.011100,0.000000,0.000000,0.000000,0.000257,58144,
41,vector1,NA,NA,NA,NA,NA,NA,NA,NA,NA,17.115757,28241,0.012154,0.011100,0.000000,0.000000,0.000000,0.000257,58144,
42,cube0,15.246667,25157,0.045430,0.045430,0.000000,262144,32,32,0,NA,NA,NA,NA,NA,NA,NA,NA,NA,
42,vector0,NA,NA,NA,NA,NA,NA,NA,NA,NA,17.032122,28103,0.012154,0.011100,0.000000,0.000000,0.000000,0.000257,58144,
42,vector1,NA,NA,NA,NA,NA,NA,NA,NA,NA,16.859394,27818,0.012154,0.011100,0.000000,0.000000,0.000000,0.000257,58144,
43,cube0,14.905455,24594,0.045430,0.045430,0.000000,262144,32,32,0,NA,NA,NA,NA,NA,NA,NA,NA,NA,
43,vector0,NA,NA,NA,NA,NA,NA,NA,NA,NA,16.687273,27534,0.012154,0.011100,0.000000,0.000000,0.000000,0.000257,58144,
43,vector1,NA,NA,NA,NA,NA,NA,NA,NA,NA,16.400606,27061,0.012154,0.011100,0.000000,0.000000,0.000000,0.000257,58144,
44,cube0,14.379394,23726,0.045430,0.045430,0.000000,262144,32,32,0,NA,NA,NA,NA,NA,NA,NA,NA,NA,
44,vector0,NA,NA,NA,NA,NA,NA,NA,NA,NA,15.895758,26228,0.012154,0.011100,0.000000,0.000000,0.000000,0.000257,58144,
44,vector1,NA,NA,NA,NA,NA,NA,NA,NA,NA,15.903030,26240,0.012154,0.011100,0.000000,0.000000,0.000000,0.000257,58144,
45,cube0,14.258788,23527,0.045430,0.045430,0.000000,262144,32,32,0,NA,NA,NA,NA,NA,NA,NA,NA,NA,
45,vector0,NA,NA,NA,NA,NA,NA,NA,NA,NA,15.914545,26259,0.012154,0.011100,0.000000,0.000000,0.000000,0.000257,58144,
45,vector1,NA,NA,NA,NA,NA,NA,NA,NA,NA,15.813939,26093,0.012154,0.011100,0.000000,0.000000,0.000000,0.000257,58144,
46,cube0,14.252728,23517,0.045430,0.045430,0.000000,262144,32,32,0,NA,NA,NA,NA,NA,NA,NA,NA,NA,
46,vector0,NA,NA,NA,NA,NA,NA,NA,NA,NA,15.908484,26249,0.012154,0.011100,0.000000,0.000000,0.000000,0.000257,58144,
46,vector1,NA,NA,NA,NA,NA,NA,NA,NA,NA,16.000607,26401,0.012154,0.011100,0.000000,0.000000,0.000000,0.000257,58144,
47,cube0,13.945455,23010,0.045430,0.045430,0.000000,262144,32,32,0,NA,NA,NA,NA,NA,NA,NA,NA,NA,
47,vector0,NA,NA,NA,NA,NA,NA,NA,NA,NA,15.446060,25486,0.012154,0.011100,0.000000,0.000000,0.000000,0.000257,58144,
47,vector1,NA,NA,NA,NA,NA,NA,NA,NA,NA,15.494545,25566,0.012154,0.011100,0.000000,0.000000,0.000000,0.000257,58144,
48,cube0,15.473333,25531,0.045430,0.045430,0.000000,262144,32,32,0,NA,NA,NA,NA,NA,NA,NA,NA,NA,
48,vector0,NA,NA,NA,NA,NA,NA,NA,NA,NA,17.038181,28113,0.012154,0.011100,0.000000,0.000000,0.000000,0.000257,58144,
48,vector1,NA,NA,NA,NA,NA,NA,NA,NA,NA,17.101818,28218,0.012154,0.011100,0.000000,0.000000,0.000000,0.000257,58144,
49,cube0,15.641212,25808,0.045430,0.045430,0.000000,262144,32,32,0,NA,NA,NA,NA,NA,NA,NA,NA,NA,
49,vector0,NA,NA,NA,NA,NA,NA,NA,NA,NA,17.299395,28544,0.012154,0.011100,0.000000,0.000000,0.000000,0.000257,58144,
49,vector1,NA,NA,NA,NA,NA,NA,NA,NA,NA,17.361212,28646,0.012154,0.011100,0.000000,0.000000,0.000000,0.000257,58144,
50,cube0,15.987879,26380,0.045430,0.045430,0.000000,262144,32,32,0,NA,NA,NA,NA,NA,NA,NA,NA,NA,
50,vector0,NA,NA,NA,NA,NA,NA,NA,NA,NA,17.552727,28962,0.012154,0.011100,0.000000,0.000000,0.000000,0.000257,58144,
50,vector1,NA,NA,NA,NA,NA,NA,NA,NA,NA,17.507879,28888,0.012154,0.011100,0.000000,0.000000,0.000000,0.000257,58144,
51,cube0,15.508485,25589,0.045430,0.045430,0.000000,262144,32,32,0,NA,NA,NA,NA,NA,NA,NA,NA,NA,
51,vector0,NA,NA,NA,NA,NA,NA,NA,NA,NA,17.055758,28142,0.012154,0.011100,0.000000,0.000000,0.000000,0.000257,58144,
51,vector1,NA,NA,NA,NA,NA,NA,NA,NA,NA,17.004848,28058,0.012154,0.011100,0.000000,0.000000,0.000000,0.000257,58144,
52,cube0,15.310303,25262,0.045430,0.045430,0.000000,262144,32,32,0,NA,NA,NA,NA,NA,NA,NA,NA,NA,
52,vector0,NA,NA,NA,NA,NA,NA,NA,NA,NA,16.816969,27748,0.012154,0.011100,0.000000,0.000000,0.000000,0.000257,58144,
52,vector1,NA,NA,NA,NA,NA,NA,NA,NA,NA,17.100607,28216,0.012154,0.011100,0.000000,0.000000,0.000000,0.000257,58144,
53,cube0,15.309091,25260,0.045430,0.045430,0.000000,262144,32,32,0,NA,NA,NA,NA,NA,NA,NA,NA,NA,
53,vector0,NA,NA,NA,NA,NA,NA,NA,NA,NA,16.905455,27894,0.012154,0.011100,0.000000,0.000000,0.000000,0.000257,58144,
53,vector1,NA,NA,NA,NA,NA,NA,NA,NA,NA,16.808485,27734,0.012154,0.011100,0.000000,0.000000,0.000000,0.000257,58144,
54,cube0,15.283031,25217,0.045430,0.045430,0.000000,262144,32,32,0,NA,NA,NA,NA,NA,NA,NA,NA,NA,
54,vector0,NA,NA,NA,NA,NA,NA,NA,NA,NA,16.812120,27740,0.012154,0.011100,0.000000,0.000000,0.000000,0.000257,58144,
54,vector1,NA,NA,NA,NA,NA,NA,NA,NA,NA,16.792122,27707,0.012154,0.011100,0.000000,0.000000,0.000000,0.000257,58144,
55,cube0,15.318788,25276,0.045430,0.045430,0.000000,262144,32,32,0,NA,NA,NA,NA,NA,NA,NA,NA,NA,
55,vector0,NA,NA,NA,NA,NA,NA,NA,NA,NA,16.918787,27916,0.012154,0.011100,0.000000,0.000000,0.000000,0.000257,58144,
55,vector1,NA,NA,NA,NA,NA,NA,NA,NA,NA,16.901213,27887,0.012154,0.011100,0.000000,0.000000,0.000000,0.000257,58144,
56,cube0,15.523030,25613,0.045430,0.045430,0.000000,262144,32,32,0,NA,NA,NA,NA,NA,NA,NA,NA,NA,
56,vector0,NA,NA,NA,NA,NA,NA,NA,NA,NA,17.054546,28140,0.012154,0.011100,0.000000,0.000000,0.000000,0.000257,58144,
56,vector1,NA,NA,NA,NA,NA,NA,NA,NA,NA,17.018787,28081,0.012154,0.011100,0.000000,0.000000,0.000000,0.000257,58144,
57,cube0,16.088486,26546,0.045430,0.045430,0.000000,262144,32,32,0,NA,NA,NA,NA,NA,NA,NA,NA,NA,
57,vector0,NA,NA,NA,NA,NA,NA,NA,NA,NA,17.653940,29129,0.012154,0.011100,0.000000,0.000000,0.000000,0.000257,58144,
57,vector1,NA,NA,NA,NA,NA,NA,NA,NA,NA,17.616364,29067,0.012154,0.011100,0.000000,0.000000,0.000000,0.000257,58144,
58,cube0,15.345454,25320,0.045430,0.045430,0.000000,262144,32,32,0,NA,NA,NA,NA,NA,NA,NA,NA,NA,
58,vector0,NA,NA,NA,NA,NA,NA,NA,NA,NA,16.991514,28036,0.012154,0.011100,0.000000,0.000000,0.000000,0.000257,58144,
58,vector1,NA,NA,NA,NA,NA,NA,NA,NA,NA,17.077576,28178,0.012154,0.011100,0.000000,0.000000,0.000000,0.000257,58144,
59,cube0,14.173940,23387,0.045430,0.045430,0.000000,262144,32,32,0,NA,NA,NA,NA,NA,NA,NA,NA,NA,
59,vector0,NA,NA,NA,NA,NA,NA,NA,NA,NA,15.707273,25917,0.012154,0.011100,0.000000,0.000000,0.000000,0.000257,58144,
59,vector1,NA,NA,NA,NA,NA,NA,NA,NA,NA,15.661212,25841,0.012154,0.011100,0.000000,0.000000,0.000000,0.000257,58144,
60,cube0,11.581212,19109,0.045430,0.045430,0.000000,262144,32,32,0,NA,NA,NA,NA,NA,NA,NA,NA,NA,
60,vector0,NA,NA,NA,NA,NA,NA,NA,NA,NA,13.069697,21565,0.012154,0.011100,0.000000,0.000000,0.000000,0.000257,58144,
60,vector1,NA,NA,NA,NA,NA,NA,NA,NA,NA,13.080000,21582,0.012154,0.011100,0.000000,0.000000,0.000000,0.000257,58144,
61,cube0,12.329697,20344,0.045430,0.045430,0.000000,262144,32,32,0,NA,NA,NA,NA,NA,NA,NA,NA,NA,
61,vector0,NA,NA,NA,NA,NA,NA,NA,NA,NA,13.877576,22898,0.012154,0.011100,0.000000,0.000000,0.000000,0.000257,58144,
61,vector1,NA,NA,NA,NA,NA,NA,NA,NA,NA,13.849091,22851,0.012154,0.011100,0.000000,0.000000,0.000000,0.000257,58144,
62,cube0,12.282424,20266,0.045430,0.045430,0.000000,262144,32,32,0,NA,NA,NA,NA,NA,NA,NA,NA,NA,
62,vector0,NA,NA,NA,NA,NA,NA,NA,NA,NA,13.775151,22729,0.012154,0.011100,0.000000,0.000000,0.000000,0.000257,58144,
62,vector1,NA,NA,NA,NA,NA,NA,NA,NA,NA,13.771515,22723,0.012154,0.011100,0.000000,0.000000,0.000000,0.000257,58144,
63,cube0,12.312727,20316,0.045430,0.045430,0.000000,262144,32,32,0,NA,NA,NA,NA,NA,NA,NA,NA,NA,
63,vector0,NA,NA,NA,NA,NA,NA,NA,NA,NA,13.834545,22827,0.012154,0.011100,0.000000,0.000000,0.000000,0.000257,58144,
63,vector1,NA,NA,NA,NA,NA,NA,NA,NA,NA,13.934546,22992,0.012154,0.011100,0.000000,0.000000,0.000000,0.000257,58144,
