block_id,sub_block_id,aic_time(us),aic_total_cycles,aic_write_cache_hit,aic_write_cache_miss_allocate,aic_r0_read_cache_hit,aic_r0_read_cache_miss_allocate,aic_r1_read_cache_hit,aic_r1_read_cache_miss_allocate,aic_write_hit_rate(%),aic_read_hit_rate(%),aic_total_hit_rate(%),aiv_time(us),aiv_total_cycles,aiv_write_cache_hit,aiv_write_cache_miss_allocate,aiv_r0_read_cache_hit,aiv_r0_read_cache_miss_allocate,aiv_r1_read_cache_hit,aiv_r1_read_cache_miss_allocate,aiv_write_hit_rate(%),aiv_read_hit_rate(%),aiv_total_hit_rate(%),
0,cube0,19.567879,32287,0,128,3058,16,3056,16,0.000000,99.479340,97.449791,NA,NA,NA,NA,NA,NA,NA,NA,NA,NA,NA,
0,vector0,NA,NA,NA,NA,NA,NA,NA,NA,NA,NA,NA,21.199394,34979,64,0,129,1,128,2,100.000000,98.846153,99.074074,
0,vector1,NA,NA,NA,NA,NA,NA,NA,NA,NA,NA,NA,21.058788,34747,64,0,131,0,129,0,100.000000,100.000000,100.000000,
1,cube0,19.750910,32589,0,128,3073,0,3073,0,0.000000,100.000000,97.959831,NA,NA,NA,NA,NA,NA,NA,NA,NA,NA,NA,
1,vector0,NA,NA,NA,NA,NA,NA,NA,NA,NA,NA,NA,21.396969,35305,0,64,127,0,133,0,0.000000,100.000000,80.246910,
1,vector1,NA,NA,NA,NA,NA,NA,NA,NA,NA,NA,NA,21.341211,35213,0,64,133,0,127,0,0.000000,100.000000,80.246910,
2,cube0,19.874546,32793,0,128,3073,0,3073,0,0.000000,100.000000,97.959831,NA,NA,NA,NA,NA,NA,NA,NA,NA,NA,NA,
2,vector0,NA,NA,NA,NA,NA,NA,NA,NA,NA,NA,NA,21.385454,35286,64,0,131,0,129,0,100.000000,100.000000,100.000000,
2,vector1,NA,NA,NA,NA,NA,NA,NA,NA,NA,NA,NA,21.565454,35583,14,50,129,0,131,0,21.875000,100.000000,84.567902,
3,cube0,19.784243,32644,0,128,3019,54,3024,49,0.000000,98.324112,96.318138,NA,NA,NA,NA,NA,NA,NA,NA,NA,NA,NA,
3,vector0,NA,NA,NA,NA,NA,NA,NA,NA,NA,NA,NA,21.588486,35621,0,64,130,0,130,0,0.000000,100.000000,80.246910,
3,vector1,NA,NA,NA,NA,NA,NA,NA,NA,NA,NA,NA,21.206667,34991,50,14,130,0,130,0,78.125000,100.000000,95.679016,
4,cube0,20.135757,33224,0,128,3041,32,3041,32,0.000000,98.958672,96.939751,NA,NA,NA,NA,NA,NA,NA,NA,NA,NA,NA,
4,vector0,NA,NA,NA,NA,NA,NA,NA,NA,NA,NA,NA,21.529091,35523,0,64,134,0,126,0,0.000000,100.000000,80.246910,
4,vector1,NA,NA,NA,NA,NA,NA,NA,NA,NA,NA,NA,21.621212,35675,57,7,126,0,134,0,89.062500,100.000000,97.839508,
5,cube0,20.241817,33399,0,128,2576,497,2561,512,0.000000,83.582817,81.877586,NA,NA,NA,NA,NA,NA,NA,NA,NA,NA,NA,
5,vector0,NA,NA,NA,NA,NA,NA,NA,NA,NA,NA,NA,21.824242,36010,64,0,128,1,130,1,100.000000,99.230766,99.382713,
5,vector1,NA,NA,NA,NA,NA,NA,NA,NA,NA,NA,NA,21.841211,36038,7,57,131,0,129,0,10.937500,100.000000,82.407410,
6,cube0,20.844242,34393,0,128,2469,604,2481,592,0.000000,80.540192,78.897034,NA,NA,NA,NA,NA,NA,NA,NA,NA,NA,NA,
6,vector0,NA,NA,NA,NA,NA,NA,NA,NA,NA,NA,NA,22.247272,36708,0,64,128,1,130,1,0.000000,99.230766,79.629631,
6,vector1,NA,NA,NA,NA,NA,NA,NA,NA,NA,NA,NA,23.616970,38968,0,64,131,0,129,0,0.000000,100.000000,80.246910,
7,cube0,20.833939,34376,0,128,3073,0,3073,0,0.000000,100.000000,97.959831,NA,NA,NA,NA,NA,NA,NA,NA,NA,NA,NA,
7,vector0,NA,NA,NA,NA,NA,NA,NA,NA,NA,NA,NA,22.469696,37075,64,0,129,0,131,0,100.000000,100.000000,100.000000,
7,vector1,NA,NA,NA,NA,NA,NA,NA,NA,NA,NA,NA,22.780001,37587,64,0,131,0,129,0,100.000000,100.000000,100.000000,
8,cube0,19.712727,32526,0,128,2632,441,2601,472,0.000000,85.144806,83.407715,NA,NA,NA,NA,NA,NA,NA,NA,NA,NA,NA,
8,vector0,NA,NA,NA,NA,NA,NA,NA,NA,NA,NA,NA,21.036970,34711,64,0,131,0,129,0,100.000000,100.000000,100.000000,
8,vector1,NA,NA,NA,NA,NA,NA,NA,NA,NA,NA,NA,21.056364,34743,64,0,128,0,132,0,100.000000,100.000000,100.000000,
9,cube0,19.852121,32756,0,128,3072,0,3074,0,0.000000,100.000000,97.959831,NA,NA,NA,NA,NA,NA,NA,NA,NA,NA,NA,
9,vector0,NA,NA,NA,NA,NA,NA,NA,NA,NA,NA,NA,21.298182,35142,0,64,131,0,129,0,0.000000,100.000000,80.246910,
9,vector1,NA,NA,NA,NA,NA,NA,NA,NA,NA,NA,NA,21.243637,35052,0,64,129,0,131,0,0.000000,100.000000,80.246910,
10,cube0,19.619394,32372,0,128,2923,150,2926,147,0.000000,95.167587,93.226013,NA,NA,NA,NA,NA,NA,NA,NA,NA,NA,NA,
10,vector0,NA,NA,NA,NA,NA,NA,NA,NA,NA,NA,NA,20.908485,34499,64,0,129,0,131,0,100.000000,100.000000,100.000000,
10,vector1,NA,NA,NA,NA,NA,NA,NA,NA,NA,NA,NA,20.914545,34509,64,0,131,0,129,0,100.000000,100.000000,100.000000,
11,cube0,19.846060,32746,0,128,3041,32,3041,32,0.000000,98.958672,96.939751,NA,NA,NA,NA,NA,NA,NA,NA,NA,NA,NA,
11,vector0,NA,NA,NA,NA,NA,NA,NA,NA,NA,NA,NA,21.178183,34944,0,64,125,0,135,0,0.000000,100.000000,80.246910,
11,vector1,NA,NA,NA,NA,NA,NA,NA,NA,NA,NA,NA,21.230909,35031,0,64,134,0,126,0,0.000000,100.000000,80.246910,
12,cube0,19.930908,32886,0,128,2969,104,2964,109,0.000000,96.534332,94.564873,NA,NA,NA,NA,NA,NA,NA,NA,NA,NA,NA,
12,vector0,NA,NA,NA,NA,NA,NA,NA,NA,NA,NA,NA,21.592121,35627,64,0,127,0,133,0,100.000000,100.000000,100.000000,
12,vector1,NA,NA,NA,NA,NA,NA,NA,NA,NA,NA,NA,21.772728,35925,64,0,133,0,127,0,100.000000,100.000000,100.000000,
13,cube0,19.928484,32882,0,128,2554,519,2561,512,0.000000,83.224861,81.526939,NA,NA,NA,NA,NA,NA,NA,NA,NA,NA,NA,
13,vector0,NA,NA,NA,NA,NA,NA,NA,NA,NA,NA,NA,21.303637,35151,0,64,135,0,125,0,0.000000,100.000000,80.246910,
13,vector1,NA,NA,NA,NA,NA,NA,NA,NA,NA,NA,NA,21.473333,35431,0,64,125,0,135,0,0.000000,100.000000,80.246910,
14,cube0,20.711515,34174,0,128,2863,210,2865,208,0.000000,93.198830,91.297417,NA,NA,NA,NA,NA,NA,NA,NA,NA,NA,NA,
14,vector0,NA,NA,NA,NA,NA,NA,NA,NA,NA,NA,NA,22.067272,36411,0,64,126,0,134,0,0.000000,100.000000,80.246910,
14,vector1,NA,NA,NA,NA,NA,NA,NA,NA,NA,NA,NA,22.883030,37757,0,64,134,0,126,0,0.000000,100.000000,80.246910,
15,cube0,20.950909,34569,0,128,2647,426,2653,420,0.000000,86.234947,84.475616,NA,NA,NA,NA,NA,NA,NA,NA,NA,NA,NA,
15,vector0,NA,NA,NA,NA,NA,NA,NA,NA,NA,NA,NA,22.337576,36857,64,0,138,0,122,0,100.000000,100.000000,100.000000,
15,vector1,NA,NA,NA,NA,NA,NA,NA,NA,NA,NA,NA,24.385454,40236,64,0,122,0,138,0,100.000000,100.000000,100.000000,
16,cube0,19.161818,31617,0,128,2899,174,2903,170,0.000000,94.402863,92.476891,NA,NA,NA,NA,NA,NA,NA,NA,NA,NA,NA,
16,vector0,NA,NA,NA,NA,NA,NA,NA,NA,NA,NA,NA,20.466061,33769,0,64,136,0,124,0,0.000000,100.000000,80.246910,
16,vector1,NA,NA,NA,NA,NA,NA,NA,NA,NA,NA,NA,20.704849,34163,0,64,124,0,136,0,0.000000,100.000000,80.246910,
17,cube0,19.165455,31623,0,128,2559,515,2588,484,0.000000,83.745529,82.036980,NA,NA,NA,NA,NA,NA,NA,NA,NA,NA,NA,
17,vector0,NA,NA,NA,NA,NA,NA,NA,NA,NA,NA,NA,20.790302,34304,64,0,128,0,132,0,100.000000,100.000000,100.000000,
17,vector1,NA,NA,NA,NA,NA,NA,NA,NA,NA,NA,NA,20.466667,33770,64,0,132,0,128,0,100.000000,100.000000,100.000000,
18,cube0,19.350304,31928,0,128,1981,1092,1978,1095,0.000000,64.415878,63.101688,NA,NA,NA,NA,NA,NA,NA,NA,NA,NA,NA,
18,vector0,NA,NA,NA,NA,NA,NA,NA,NA,NA,NA,NA,20.604242,33997,64,0,126,0,134,0,100.000000,100.000000,100.000000,
18,vector1,NA,NA,NA,NA,NA,NA,NA,NA,NA,NA,NA,20.998182,34647,0,64,134,0,126,0,0.000000,100.000000,80.246910,
19,cube0,19.345455,31920,0,128,3066,7,3068,5,0.000000,99.804749,97.768570,NA,NA,NA,NA,NA,NA,NA,NA,NA,NA,NA,
19,vector0,NA,NA,NA,NA,NA,NA,NA,NA,NA,NA,NA,20.870909,34437,0,64,132,1,126,1,0.000000,99.230766,79.629631,
19,vector1,NA,NA,NA,NA,NA,NA,NA,NA,NA,NA,NA,20.730909,34206,64,0,127,0,133,0,100.000000,100.000000,100.000000,
20,cube0,15.366060,25354,0,128,3073,0,3073,0,0.000000,100.000000,97.959831,NA,NA,NA,NA,NA,NA,NA,NA,NA,NA,NA,
20,vector0,NA,NA,NA,NA,NA,NA,NA,NA,NA,NA,NA,16.981817,28020,0,64,132,0,128,0,0.000000,100.000000,80.246910,
20,vector1,NA,NA,NA,NA,NA,NA,NA,NA,NA,NA,NA,17.021818,28086,0,64,131,0,129,0,0.000000,100.000000,80.246910,
21,cube0,15.561213,25676,0,128,3073,0,3073,0,0.000000,100.000000,97.959831,NA,NA,NA,NA,NA,NA,NA,NA,NA,NA,NA,
21,vector0,NA,NA,NA,NA,NA,NA,NA,NA,NA,NA,NA,17.193939,28370,64,0,136,0,124,0,100.000000,100.000000,100.000000,
21,vector1,NA,NA,NA,NA,NA,NA,NA,NA,NA,NA,NA,17.132727,28269,64,0,131,0,129,0,100.000000,100.000000,100.000000,
22,cube0,15.039394,24815,0,128,3073,0,3073,0,0.000000,100.000000,97.959831,NA,NA,NA,NA,NA,NA,NA,NA,NA,NA,NA,
22,vector0,NA,NA,NA,NA,NA,NA,NA,NA,NA,NA,NA,16.731516,27607,0,64,134,0,126,0,0.000000,100.000000,80.246910,
22,vector1,NA,NA,NA,NA,NA,NA,NA,NA,NA,NA,NA,16.532122,27278,0,64,129,0,131,0,0.000000,100.000000,80.246910,
23,cube0,15.092728,24903,0,128,3073,0,3073,0,0.000000,100.000000,97.959831,NA,NA,NA,NA,NA,NA,NA,NA,NA,NA,NA,
23,vector0,NA,NA,NA,NA,NA,NA,NA,NA,NA,NA,NA,16.849697,27802,64,0,130,0,130,0,100.000000,100.000000,100.000000,
23,vector1,NA,NA,NA,NA,NA,NA,NA,NA,NA,NA,NA,16.809696,27736,64,0,128,0,132,0,100.000000,100.000000,100.000000,
24,cube0,16.814545,27744,0,128,2819,254,2815,258,0.000000,91.669380,89.799171,NA,NA,NA,NA,NA,NA,NA,NA,NA,NA,NA,
24,vector0,NA,NA,NA,NA,NA,NA,NA,NA,NA,NA,NA,18.376364,30321,64,0,130,0,130,0,100.000000,100.000000,100.000000,
24,vector1,NA,NA,NA,NA,NA,NA,NA,NA,NA,NA,NA,18.541212,30593,64,0,130,0,130,0,100.000000,100.000000,100.000000,
25,cube0,16.595152,27382,0,128,3072,0,3074,0,0.000000,100.000000,97.959831,NA,NA,NA,NA,NA,NA,NA,NA,NA,NA,NA,
25,vector0,NA,NA,NA,NA,NA,NA,NA,NA,NA,NA,NA,18.103031,29870,0,64,130,0,130,0,0.000000,100.000000,80.246910,
25,vector1,NA,NA,NA,NA,NA,NA,NA,NA,NA,NA,NA,18.111515,29884,0,64,128,0,132,0,0.000000,100.000000,80.246910,
26,cube0,17.189697,28363,0,128,3069,0,3077,0,0.000000,100.000000,97.959831,NA,NA,NA,NA,NA,NA,NA,NA,NA,NA,NA,
26,vector0,NA,NA,NA,NA,NA,NA,NA,NA,NA,NA,NA,18.731516,30907,64,0,130,0,130,0,100.000000,100.000000,100.000000,
26,vector1,NA,NA,NA,NA,NA,NA,NA,NA,NA,NA,NA,18.904848,31193,64,0,130,0,130,0,100.000000,100.000000,100.000000,
27,cube0,16.743637,27627,0,128,3074,0,3072,0,0.000000,100.000000,97.959831,NA,NA,NA,NA,NA,NA,NA,NA,NA,NA,NA,
27,vector0,NA,NA,NA,NA,NA,NA,NA,NA,NA,NA,NA,18.243031,30101,0,64,130,0,130,0,0.000000,100.000000,80.246910,
27,vector1,NA,NA,NA,NA,NA,NA,NA,NA,NA,NA,NA,18.236364,30090,0,64,131,0,129,0,0.000000,100.000000,80.246910,
28,cube0,16.902424,27889,0,128,3075,0,3071,0,0.000000,100.000000,97.959831,NA,NA,NA,NA,NA,NA,NA,NA,NA,NA,NA,
28,vector0,NA,NA,NA,NA,NA,NA,NA,NA,NA,NA,NA,18.516970,30553,64,0,128,0,132,0,100.000000,100.000000,100.000000,
28,vector1,NA,NA,NA,NA,NA,NA,NA,NA,NA,NA,NA,18.633940,30746,64,0,131,0,129,0,100.000000,100.000000,100.000000,
29,cube0,16.484241,27199,0,128,3070,0,3076,0,0.000000,100.000000,97.959831,NA,NA,NA,NA,NA,NA,NA,NA,NA,NA,NA,
29,vector0,NA,NA,NA,NA,NA,NA,NA,NA,NA,NA,NA,18.250303,30113,0,64,130,0,130,0,0.000000,100.000000,80.246910,
29,vector1,NA,NA,NA,NA,NA,NA,NA,NA,NA,NA,NA,18.228485,30077,0,64,127,0,133,0,0.000000,100.000000,80.246910,
30,cube0,16.632727,27444,0,128,3074,0,3072,0,0.000000,100.000000,97.959831,NA,NA,NA,NA,NA,NA,NA,NA,NA,NA,NA,
30,vector0,NA,NA,NA,NA,NA,NA,NA,NA,NA,NA,NA,18.258183,30126,0,64,133,0,127,0,0.000000,100.000000,80.246910,
30,vector1,NA,NA,NA,NA,NA,NA,NA,NA,NA,NA,NA,18.229696,30079,0,64,130,0,130,0,0.000000,100.000000,80.246910,
31,cube0,16.424242,27100,0,128,3073,0,3073,0,0.000000,100.000000,97.959831,NA,NA,NA,NA,NA,NA,NA,NA,NA,NA,NA,
31,vector0,NA,NA,NA,NA,NA,NA,NA,NA,NA,NA,NA,17.964848,29642,64,0,130,0,130,0,100.000000,100.000000,100.000000,
31,vector1,NA,NA,NA,NA,NA,NA,NA,NA,NA,NA,NA,17.923031,29573,64,0,132,0,128,0,100.000000,100.000000,100.000000,
32,cube0,16.796970,27715,0,128,2817,256,2818,255,0.000000,91.685646,89.815109,NA,NA,NA,NA,NA,NA,NA,NA,NA,NA,NA,
32,vector0,NA,NA,NA,NA,NA,NA,NA,NA,NA,NA,NA,18.452122,30446,8,56,130,0,130,0,12.500000,100.000000,82.716049,
32,vector1,NA,NA,NA,NA,NA,NA,NA,NA,NA,NA,NA,18.552122,30611,0,64,130,0,130,0,0.000000,100.000000,80.246910,
33,cube0,16.485455,27201,0,128,3073,1,3072,0,0.000000,99.983727,97.943893,NA,NA,NA,NA,NA,NA,NA,NA,NA,NA,NA,
33,vector0,NA,NA,NA,NA,NA,NA,NA,NA,NA,NA,NA,18.040001,29766,56,8,130,0,130,0,87.500000,100.000000,97.530861,
33,vector1,NA,NA,NA,NA,NA,NA,NA,NA,NA,NA,NA,18.094545,29856,64,0,130,0,130,0,100.000000,100.000000,100.000000,
34,cube0,16.544243,27298,0,128,3073,0,3073,0,0.000000,100.000000,97.959831,NA,NA,NA,NA,NA,NA,NA,NA,NA,NA,NA,
34,vector0,NA,NA,NA,NA,NA,NA,NA,NA,NA,NA,NA,18.372726,30315,0,64,126,0,134,0,0.000000,100.000000,80.246910,
34,vector1,NA,NA,NA,NA,NA,NA,NA,NA,NA,NA,NA,18.306667,30206,0,64,134,0,126,0,0.000000,100.000000,80.246910,
35,cube0,16.597576,27386,0,128,3073,0,3073,0,0.000000,100.000000,97.959831,NA,NA,NA,NA,NA,NA,NA,NA,NA,NA,NA,
35,vector0,NA,NA,NA,NA,NA,NA,NA,NA,NA,NA,NA,18.315758,30221,64,0,133,0,127,0,100.000000,100.000000,100.000000,
35,vector1,NA,NA,NA,NA,NA,NA,NA,NA,NA,NA,NA,18.271515,30148,64,0,127,0,133,0,100.000000,100.000000,100.000000,
36,cube0,16.600607,27391,0,128,3073,0,3073,0,0.000000,100.000000,97.959831,NA,NA,NA,NA,NA,NA,NA,NA,NA,NA,NA,
36,vector0,NA,NA,NA,NA,NA,NA,NA,NA,NA,NA,NA,18.331514,30247,64,0,130,0,130,0,100.000000,100.000000,100.000000,
36,vector1,NA,NA,NA,NA,NA,NA,NA,NA,NA,NA,NA,18.352728,30282,15,49,129,0,131,0,23.437500,100.000000,84.876541,
37,cube0,16.095758,26558,0,128,3066,0,3080,0,0.000000,100.000000,97.959831,NA,NA,NA,NA,NA,NA,NA,NA,NA,NA,NA,
37,vector0,NA,NA,NA,NA,NA,NA,NA,NA,NA,NA,NA,17.636364,29100,0,64,131,0,129,0,0.000000,100.000000,80.246910,
37,vector1,NA,NA,NA,NA,NA,NA,NA,NA,NA,NA,NA,17.588486,29021,49,15,130,0,130,0,76.562500,100.000000,95.370369,
38,cube0,15.994545,26391,0,128,3073,0,3073,0,0.000000,100.000000,97.959831,NA,NA,NA,NA,NA,NA,NA,NA,NA,NA,NA,
38,vector0,NA,NA,NA,NA,NA,NA,NA,NA,NA,NA,NA,17.527273,28920,64,0,130,0,130,0,100.000000,100.000000,100.000000,
38,vector1,NA,NA,NA,NA,NA,NA,NA,NA,NA,NA,NA,17.507273,28887,64,0,130,0,130,0,100.000000,100.000000,100.000000,
39,cube0,15.209091,25095,0,128,3073,0,3073,0,0.000000,100.000000,97.959831,NA,NA,NA,NA,NA,NA,NA,NA,NA,NA,NA,
39,vector0,NA,NA,NA,NA,NA,NA,NA,NA,NA,NA,NA,17.517576,28904,0,64,130,0,130,0,0.000000,100.000000,80.246910,
39,vector1,NA,NA,NA,NA,NA,NA,NA,NA,NA,NA,NA,16.746061,27631,0,64,129,0,131,0,0.000000,100.000000,80.246910,
40,cube0,15.364243,25351,0,128,2819,254,2815,258,0.000000,91.669380,89.799171,NA,NA,NA,NA,NA,NA,NA,NA,NA,NA,NA,
40,vector0,NA,NA,NA,NA,NA,NA,NA,NA,NA,NA,NA,16.933332,27940,64,0,126,0,134,0,100.000000,100.000000,100.000000,
40,vector1,NA,NA,NA,NA,NA,NA,NA,NA,NA,NA,NA,16.851515,27805,64,0,133,0,127,0,100.000000,100.000000,100.000000,
41,cube0,15.396970,25405,0,128,3073,0,3073,0,0.000000,100.000000,97.959831,NA,NA,NA,NA,NA,NA,NA,NA,NA,NA,NA,
41,vector0,NA,NA,NA,NA,NA,NA,NA,NA,NA,NA,NA,17.106667,28226,0,64,130,0,130,0,0.000000,100.000000,80.246910,
41,vector1,NA,NA,NA,NA,NA,NA,NA,NA,NA,NA,NA,17.115757,28241,0,64,125,0,135,0,0.000000,100.000000,80.246910,
42,cube0,15.246667,25157,0,128,3073,0,3073,0,0.000000,100.000000,97.959831,NA,NA,NA,NA,NA,NA,NA,NA,NA,NA,NA,
42,vector0,NA,NA,NA,NA,NA,NA,NA,NA,NA,NA,NA,17.032122,28103,0,64,135,0,125,0,0.000000,100.000000,80.246910,
42,vector1,NA,NA,NA,NA,NA,NA,NA,NA,NA,NA,NA,16.859394,27818,0,64,130,0,130,0,0.000000,100.000000,80.246910,
43,cube0,14.905455,24594,0,128,3072,0,3074,0,0.000000,100.000000,97.959831,NA,NA,NA,NA,NA,NA,NA,NA,NA,NA,NA,
43,vector0,NA,NA,NA,NA,NA,NA,NA,NA,NA,NA,NA,16.687273,27534,64,0,125,0,135,0,100.000000,100.000000,100.000000,
43,vector1,NA,NA,NA,NA,NA,NA,NA,NA,NA,NA,NA,16.400606,27061,64,0,130,0,130,0,100.000000,100.000000,100.000000,
44,cube0,14.379394,23726,0,128,3073,0,3073,0,0.000000,100.000000,97.959831,NA,NA,NA,NA,NA,NA,NA,NA,NA,NA,NA,
44,vector0,NA,NA,NA,NA,NA,NA,NA,NA,NA,NA,NA,15.895758,26228,0,64,130,0,130,0,0.000000,100.000000,80.246910,
44,vector1,NA,NA,NA,NA,NA,NA,NA,NA,NA,NA,NA,15.903030,26240,0,64,130,0,130,0,0.000000,100.000000,80.246910,
45,cube0,14.258788,23527,0,128,3073,0,3073,0,0.000000,100.000000,97.959831,NA,NA,NA,NA,NA,NA,NA,NA,NA,NA,NA,
45,vector0,NA,NA,NA,NA,NA,NA,NA,NA,NA,NA,NA,15.914545,26259,64,0,123,0,137,0,100.000000,100.000000,100.000000,
45,vector1,NA,NA,NA,NA,NA,NA,NA,NA,NA,NA,NA,15.813939,26093,64,0,131,0,129,0,100.000000,100.000000,100.000000,
46,cube0,14.252728,23517,0,128,3073,0,3073,0,0.000000,100.000000,97.959831,NA,NA,NA,NA,NA,NA,NA,NA,NA,NA,NA,
46,vector0,NA,NA,NA,NA,NA,NA,NA,NA,NA,NA,NA,15.908484,26249,64,0,132,0,128,0,100.000000,100.000000,100.000000,
46,vector1,NA,NA,NA,NA,NA,NA,NA,NA,NA,NA,NA,16.000607,26401,0,64,130,0,130,0,0.000000,100.000000,80.246910,
47,cube0,13.945455,23010,0,128,3073,0,3073,0,0.000000,100.000000,97.959831,NA,NA,NA,NA,NA,NA,NA,NA,NA,NA,NA,
47,vector0,NA,NA,NA,NA,NA,NA,NA,NA,NA,NA,NA,15.446060,25486,0,64,130,0,130,0,0.000000,100.000000,80.246910,
47,vector1,NA,NA,NA,NA,NA,NA,NA,NA,NA,NA,NA,15.494545,25566,64,0,135,0,125,0,100.000000,100.000000,100.000000,
48,cube0,15.473333,25531,0,128,3078,0,3068,0,0.000000,100.000000,97.959831,NA,NA,NA,NA,NA,NA,NA,NA,NA,NA,NA,
48,vector0,NA,NA,NA,NA,NA,NA,NA,NA,NA,NA,NA,17.038181,28113,64,0,130,0,130,0,100.000000,100.000000,100.000000,
48,vector1,NA,NA,NA,NA,NA,NA,NA,NA,NA,NA,NA,17.101818,28218,64,0,130,0,130,0,100.000000,100.000000,100.000000,
49,cube0,15.641212,25808,0,128,2943,131,2947,125,0.000000,95.834686,93.879501,NA,NA,NA,NA,NA,NA,NA,NA,NA,NA,NA,
49,vector0,NA,NA,NA,NA,NA,NA,NA,NA,NA,NA,NA,17.299395,28544,0,64,130,0,130,0,0.000000,100.000000,80.246910,
49,vector1,NA,NA,NA,NA,NA,NA,NA,NA,NA,NA,NA,17.361212,28646,0,64,130,0,130,0,0.000000,100.000000,80.246910,
50,cube0,15.987879,26380,0,128,2939,129,2951,127,0.000000,95.834686,93.879501,NA,NA,NA,NA,NA,NA,NA,NA,NA,NA,NA,
50,vector0,NA,NA,NA,NA,NA,NA,NA,NA,NA,NA,NA,17.552727,28962,0,64,130,0,130,0,0.000000,100.000000,80.246910,
50,vector1,NA,NA,NA,NA,NA,NA,NA,NA,NA,NA,NA,17.507879,28888,0,64,130,0,130,0,0.000000,100.000000,80.246910,
51,cube0,15.508485,25589,0,128,3075,0,3071,0,0.000000,100.000000,97.959831,NA,NA,NA,NA,NA,NA,NA,NA,NA,NA,NA,
51,vector0,NA,NA,NA,NA,NA,NA,NA,NA,NA,NA,NA,17.055758,28142,64,0,134,0,126,0,100.000000,100.000000,100.000000,
51,vector1,NA,NA,NA,NA,NA,NA,NA,NA,NA,NA,NA,17.004848,28058,64,0,130,0,130,0,100.000000,100.000000,100.000000,
52,cube0,15.310303,25262,0,128,3072,0,3074,0,0.000000,100.000000,97.959831,NA,NA,NA,NA,NA,NA,NA,NA,NA,NA,NA,
52,vector0,NA,NA,NA,NA,NA,NA,NA,NA,NA,NA,NA,16.816969,27748,0,64,130,0,130,0,0.000000,100.000000,80.246910,
52,vector1,NA,NA,NA,NA,NA,NA,NA,NA,NA,NA,NA,17.100607,28216,0,64,131,0,129,0,0.000000,100.000000,80.246910,
53,cube0,15.309091,25260,0,128,3080,0,3066,0,0.000000,100.000000,97.959831,NA,NA,NA,NA,NA,NA,NA,NA,NA,NA,NA,
53,vector0,NA,NA,NA,NA,NA,NA,NA,NA,NA,NA,NA,16.905455,27894,64,0,130,0,130,0,100.000000,100.000000,100.000000,
53,vector1,NA,NA,NA,NA,NA,NA,NA,NA,NA,NA,NA,16.808485,27734,64,0,130,0,130,0,100.000000,100.000000,100.000000,
54,cube0,15.283031,25217,0,128,3072,0,3074,0,0.000000,100.000000,97.959831,NA,NA,NA,NA,NA,NA,NA,NA,NA,NA,NA,
54,vector0,NA,NA,NA,NA,NA,NA,NA,NA,NA,NA,NA,16.812120,27740,0,64,130,0,130,0,0.000000,100.000000,80.246910,
54,vector1,NA,NA,NA,NA,NA,NA,NA,NA,NA,NA,NA,16.792122,27707,0,64,128,0,132,0,0.000000,100.000000,80.246910,
55,cube0,15.318788,25276,0,128,3071,0,3075,0,0.000000,100.000000,97.959831,NA,NA,NA,NA,NA,NA,NA,NA,NA,NA,NA,
55,vector0,NA,NA,NA,NA,NA,NA,NA,NA,NA,NA,NA,16.918787,27916,64,0,130,0,130,0,100.000000,100.000000,100.000000,
55,vector1,NA,NA,NA,NA,NA,NA,NA,NA,NA,NA,NA,16.901213,27887,64,0,130,0,130,0,100.000000,100.000000,100.000000,
56,cube0,15.523030,25613,0,128,2819,254,2815,258,0.000000,91.669380,89.799171,NA,NA,NA,NA,NA,NA,NA,NA,NA,NA,NA,
56,vector0,NA,NA,NA,NA,NA,NA,NA,NA,NA,NA,NA,17.054546,28140,0,64,130,0,130,0,0.000000,100.000000,80.246910,
56,vector1,NA,NA,NA,NA,NA,NA,NA,NA,NA,NA,NA,17.018787,28081,0,64,130,0,130,0,0.000000,100.000000,80.246910,
57,cube0,16.088486,26546,0,128,3078,0,3068,0,0.000000,100.000000,97.959831,NA,NA,NA,NA,NA,NA,NA,NA,NA,NA,NA,
57,vector0,NA,NA,NA,NA,NA,NA,NA,NA,NA,NA,NA,17.653940,29129,64,0,130,0,130,0,100.000000,100.000000,100.000000,
57,vector1,NA,NA,NA,NA,NA,NA,NA,NA,NA,NA,NA,17.616364,29067,64,0,130,0,130,0,100.000000,100.000000,100.000000,
58,cube0,15.345454,25320,0,128,3073,0,3073,0,0.000000,100.000000,97.959831,NA,NA,NA,NA,NA,NA,NA,NA,NA,NA,NA,
58,vector0,NA,NA,NA,NA,NA,NA,NA,NA,NA,NA,NA,16.991514,28036,64,0,130,0,130,0,100.000000,100.000000,100.000000,
58,vector1,NA,NA,NA,NA,NA,NA,NA,NA,NA,NA,NA,17.077576,28178,64,0,130,0,130,0,100.000000,100.000000,100.000000,
59,cube0,14.173940,23387,0,128,3073,0,3073,0,0.000000,100.000000,97.959831,NA,NA,NA,NA,NA,NA,NA,NA,NA,NA,NA,
59,vector0,NA,NA,NA,NA,NA,NA,NA,NA,NA,NA,NA,15.707273,25917,0,64,131,0,129,0,0.000000,100.000000,80.246910,
59,vector1,NA,NA,NA,NA,NA,NA,NA,NA,NA,NA,NA,15.661212,25841,0,64,125,0,135,0,0.000000,100.000000,80.246910,
60,cube0,11.581212,19109,0,128,3069,0,3077,0,0.000000,100.000000,97.959831,NA,NA,NA,NA,NA,NA,NA,NA,NA,NA,NA,
60,vector0,NA,NA,NA,NA,NA,NA,NA,NA,NA,NA,NA,13.069697,21565,0,64,130,0,130,0,0.000000,100.000000,80.246910,
60,vector1,NA,NA,NA,NA,NA,NA,NA,NA,NA,NA,NA,13.080000,21582,0,64,130,0,130,0,0.000000,100.000000,80.246910,
61,cube0,12.329697,20344,0,128,3073,0,3073,0,0.000000,100.000000,97.959831,NA,NA,NA,NA,NA,NA,NA,NA,NA,NA,NA,
61,vector0,NA,NA,NA,NA,NA,NA,NA,NA,NA,NA,NA,13.877576,22898,64,0,130,0,130,0,100.000000,100.000000,100.000000,
61,vector1,NA,NA,NA,NA,NA,NA,NA,NA,NA,NA,NA,13.849091,22851,64,0,130,0,130,0,100.000000,100.000000,100.000000,
62,cube0,12.282424,20266,0,128,3073,0,3073,0,0.000000,100.000000,97.959831,NA,NA,NA,NA,NA,NA,NA,NA,NA,NA,NA,
62,vector0,NA,NA,NA,NA,NA,NA,NA,NA,NA,NA,NA,13.775151,22729,0,64,130,0,130,0,0.000000,100.000000,80.246910,
62,vector1,NA,NA,NA,NA,NA,NA,NA,NA,NA,NA,NA,13.771515,22723,0,64,130,0,130,0,0.000000,100.000000,80.246910,
63,cube0,12.312727,20316,0,128,3073,0,3073,0,0.000000,100.000000,97.959831,NA,NA,NA,NA,NA,NA,NA,NA,NA,NA,NA,
63,vector0,NA,NA,NA,NA,NA,NA,NA,NA,NA,NA,NA,13.834545,22827,64,0,130,0,130,0,100.000000,100.000000,100.000000,
63,vector1,NA,NA,NA,NA,NA,NA,NA,NA,NA,NA,NA,13.934546,22992,64,0,130,0,130,0,100.000000,100.000000,100.000000,
