block_id,sub_block_id,aic_time(us),aic_total_cycles,aic_l1_read_bw(GB/s),aic_l1_write_bw(GB/s),aic_main_mem_read_bw(GB/s),aic_main_mem_write_bw(GB/s),aic_mte1_instructions,aic_mte1_ratio,aic_mte2_instructions,aic_mte2_ratio,aic_mte3_instructions,aic_mte3_ratio,aiv_time(us),aiv_total_cycles,aiv_ub_to_gm_bw(GB/s),aiv_gm_to_ub_bw(GB/s),aiv_main_mem_read_bw(GB/s),aiv_main_mem_write_bw(GB/s),aiv_mte2_instructions,aiv_mte2_ratio,aiv_mte3_instructions,aiv_mte3_ratio,read_main_memory_datas(KB),write_main_memory_datas(KB),GM_to_L1_datas(KB),GM_to_L1_bw_usage_rate(%),L1_to_GM_datas(KB)(estimate),L1_to_GM_bw_usage_rate(%)(estimate),L0C_to_L1_datas(KB),L0C_to_L1_bw_usage_rate(%),L0C_to_GM_datas(KB),L0C_to_GM_bw_usage_rate(%),GM_to_UB_datas(KB),GM_to_UB_bw_usage_rate(%),UB_to_GM_datas(KB),UB_to_GM_bw_usage_rate(%),
0,cube0,19.567879,32287,6.648577,6.648577,9.976111,0.832695,129,0.050095,65,0.238057,1,0.000017,NA,NA,NA,NA,NA,NA,NA,NA,NA,NA,768.250000,64.125000,512.000000,2.518400,0.500000,0.003256,0.000000,0.000000,64.000000,0.397034,NA,NA,NA,NA,
0,vector0,NA,NA,NA,NA,NA,NA,NA,NA,NA,NA,NA,NA,21.199394,34979,0.207768,0.418782,0.422029,0.207768,6,0.005513,2,0.003479,32.500000,16.000000,NA,NA,NA,NA,NA,NA,NA,NA,32.250000,0.190304,16.000000,0.111225,
0,vector1,NA,NA,NA,NA,NA,NA,NA,NA,NA,NA,NA,NA,21.058788,34747,0.207768,0.418782,0.422029,0.207768,6,0.003703,2,0.004541,32.500000,16.000000,NA,NA,NA,NA,NA,NA,NA,NA,32.250000,0.190304,16.000000,0.111225,
1,cube0,19.750910,32589,6.648577,6.648577,9.976111,0.832695,129,0.049880,65,0.210643,1,0.000017,NA,NA,NA,NA,NA,NA,NA,NA,NA,NA,768.250000,64.125000,512.000000,2.518400,0.500000,0.003256,0.000000,0.000000,64.000000,0.397034,NA,NA,NA,NA,
1,vector0,NA,NA,NA,NA,NA,NA,NA,NA,NA,NA,NA,NA,21.396969,35305,0.207768,0.418782,0.422029,0.207768,6,0.003487,2,0.005197,32.500000,16.000000,NA,NA,NA,NA,NA,NA,NA,NA,32.250000,0.190304,16.000000,0.111225,
1,vector1,NA,NA,NA,NA,NA,NA,NA,NA,NA,NA,NA,NA,21.341211,35213,0.207768,0.418782,0.422029,0.207768,6,0.003786,2,0.003587,32.500000,16.000000,NA,NA,NA,NA,NA,NA,NA,NA,32.250000,0.190304,16.000000,0.111225,
2,cube0,19.874546,32793,6.648577,6.648577,9.976111,0.832695,129,0.049531,65,0.255666,1,0.000017,NA,NA,NA,NA,NA,NA,NA,NA,NA,NA,768.250000,64.125000,512.000000,2.518400,0.500000,0.003256,0.000000,0.000000,64.000000,0.397034,NA,NA,NA,NA,
2,vector0,NA,NA,NA,NA,NA,NA,NA,NA,NA,NA,NA,NA,21.385454,35286,0.207768,0.418782,0.422029,0.207768,6,0.004981,2,0.003230,32.500000,16.000000,NA,NA,NA,NA,NA,NA,NA,NA,32.250000,0.190304,16.000000,0.111225,
2,vector1,NA,NA,NA,NA,NA,NA,NA,NA,NA,NA,NA,NA,21.565454,35583,0.207768,0.418782,0.422029,0.207768,6,0.005139,2,0.003462,32.500000,16.000000,NA,NA,NA,NA,NA,NA,NA,NA,32.250000,0.190304,16.000000,0.111225,
3,cube0,19.784243,32644,6.648577,6.648577,9.976111,0.832695,129,0.049631,65,0.234031,1,0.000017,NA,NA,NA,NA,NA,NA,NA,NA,NA,NA,768.250000,64.125000,512.000000,2.518400,0.500000,0.003256,0.000000,0.000000,64.000000,0.397034,NA,NA,NA,NA,
3,vector0,NA,NA,NA,NA,NA,NA,NA,NA,NA,NA,NA,NA,21.588486,35621,0.207768,0.418782,0.422029,0.207768,6,0.006700,2,0.006592,32.500000,16.000000,NA,NA,NA,NA,NA,NA,NA,NA,32.250000,0.190304,16.000000,0.111225,
3,vector1,NA,NA,NA,NA,NA,NA,NA,NA,NA,NA,NA,NA,21.206667,34991,0.207768,0.418782,0.422029,0.207768,6,0.003894,2,0.006932,32.500000,16.000000,NA,NA,NA,NA,NA,NA,NA,NA,32.250000,0.190304,16.000000,0.111225,
4,cube0,20.135757,33224,6.648577,6.648577,9.976111,0.832695,129,0.049830,65,0.206409,1,0.000017,NA,NA,NA,NA,NA,NA,NA,NA,NA,NA,768.250000,64.125000,512.000000,2.518400,0.500000,0.003256,0.000000,0.000000,64.000000,0.397034,NA,NA,NA,NA,
4,vector0,NA,NA,NA,NA,NA,NA,NA,NA,NA,NA,NA,NA,21.529091,35523,0.207768,0.418782,0.422029,0.207768,6,0.003811,2,0.005255,32.500000,16.000000,NA,NA,NA,NA,NA,NA,NA,NA,32.250000,0.190304,16.000000,0.111225,
4,vector1,NA,NA,NA,NA,NA,NA,NA,NA,NA,NA,NA,NA,21.621212,35675,0.207768,0.418782,0.422029,0.207768,6,0.004633,2,0.006617,32.500000,16.000000,NA,NA,NA,NA,NA,NA,NA,NA,32.250000,0.190304,16.000000,0.111225,
5,cube0,20.241817,33399,6.648577,6.648577,9.976111,0.832695,129,0.049689,65,0.201843,1,0.000017,NA,NA,NA,NA,NA,NA,NA,NA,NA,NA,768.250000,64.125000,512.000000,2.518400,0.500000,0.003256,0.000000,0.000000,64.000000,0.397034,NA,NA,NA,NA,
5,vector0,NA,NA,NA,NA,NA,NA,NA,NA,NA,NA,NA,NA,21.824242,36010,0.207768,0.418782,0.422029,0.207768,6,0.003553,2,0.004309,32.500000,16.000000,NA,NA,NA,NA,NA,NA,NA,NA,32.250000,0.190304,16.000000,0.111225,
5,vector1,NA,NA,NA,NA,NA,NA,NA,NA,NA,NA,NA,NA,21.841211,36038,0.207768,0.418782,0.422029,0.207768,6,0.004176,2,0.004674,32.500000,16.000000,NA,NA,NA,NA,NA,NA,NA,NA,32.250000,0.190304,16.000000,0.111225,
6,cube0,20.844242,34393,6.648577,6.648577,9.976111,0.832695,129,0.049880,65,0.213549,1,0.000017,NA,NA,NA,NA,NA,NA,NA,NA,NA,NA,768.250000,64.125000,512.000000,2.518400,0.500000,0.003256,0.000000,0.000000,64.000000,0.397034,NA,NA,NA,NA,
6,vector0,NA,NA,NA,NA,NA,NA,NA,NA,NA,NA,NA,NA,22.247272,36708,0.207768,0.418782,0.422029,0.207768,6,0.004425,2,0.003362,32.500000,16.000000,NA,NA,NA,NA,NA,NA,NA,NA,32.250000,0.190304,16.000000,0.111225,
6,vector1,NA,NA,NA,NA,NA,NA,NA,NA,NA,NA,NA,NA,23.616970,38968,0.207768,0.418782,0.422029,0.207768,6,0.007049,2,0.008501,32.500000,16.000000,NA,NA,NA,NA,NA,NA,NA,NA,32.250000,0.190304,16.000000,0.111225,
7,cube0,20.833939,34376,6.648577,6.648577,9.976111,0.832695,129,0.049788,65,0.208875,1,0.000017,NA,NA,NA,NA,NA,NA,NA,NA,NA,NA,768.250000,64.125000,512.000000,2.518400,0.500000,0.003256,0.000000,0.000000,64.000000,0.397034,NA,NA,NA,NA,
7,vector0,NA,NA,NA,NA,NA,NA,NA,NA,NA,NA,NA,NA,22.469696,37075,0.207768,0.418782,0.422029,0.207768,6,0.005081,2,0.003935,32.500000,16.000000,NA,NA,NA,NA,NA,NA,NA,NA,32.250000,0.190304,16.000000,0.111225,
7,vector1,NA,NA,NA,NA,NA,NA,NA,NA,NA,NA,NA,NA,22.780001,37587,0.207768,0.418782,0.422029,0.207768,6,0.003902,2,0.016106,32.500000,16.000000,NA,NA,NA,NA,NA,NA,NA,NA,32.250000,0.190304,16.000000,0.111225,
8,cube0,19.712727,32526,6.648577,6.648577,9.976111,0.832695,129,0.049846,65,0.252611,1,0.000017,NA,NA,NA,NA,NA,NA,NA,NA,NA,NA,768.250000,64.125000,512.000000,2.518400,0.500000,0.003256,0.000000,0.000000,64.000000,0.397034,NA,NA,NA,NA,
8,vector0,NA,NA,NA,NA,NA,NA,NA,NA,NA,NA,NA,NA,21.036970,34711,0.207768,0.418782,0.422029,0.207768,6,0.003470,2,0.003337,32.500000,16.000000,NA,NA,NA,NA,NA,NA,NA,NA,32.250000,0.190304,16.000000,0.111225,
8,vector1,NA,NA,NA,NA,NA,NA,NA,NA,NA,NA,NA,NA,21.056364,34743,0.207768,0.418782,0.422029,0.207768,6,0.003528,2,0.004491,32.500000,16.000000,NA,NA,NA,NA,NA,NA,NA,NA,32.250000,0.190304,16.000000,0.111225,
9,cube0,19.852121,32756,6.648577,6.648577,9.976111,0.832695,129,0.049763,65,0.249473,1,0.000017,NA,NA,NA,NA,NA,NA,NA,NA,NA,NA,768.250000,64.125000,512.000000,2.518400,0.500000,0.003256,0.000000,0.000000,64.000000,0.397034,NA,NA,NA,NA,
9,vector0,NA,NA,NA,NA,NA,NA,NA,NA,NA,NA,NA,NA,21.298182,35142,0.207768,0.418782,0.422029,0.207768,6,0.003512,2,0.005156,32.500000,16.000000,NA,NA,NA,NA,NA,NA,NA,NA,32.250000,0.190304,16.000000,0.111225,
9,vector1,NA,NA,NA,NA,NA,NA,NA,NA,NA,NA,NA,NA,21.243637,35052,0.207768,0.418782,0.422029,0.207768,6,0.003445,2,0.006243,32.500000,16.000000,NA,NA,NA,NA,NA,NA,NA,NA,32.250000,0.190304,16.000000,0.111225,
10,cube0,19.619394,32372,6.648577,6.648577,9.976111,0.832695,129,0.049772,65,0.248975,1,0.000017,NA,NA,NA,NA,NA,NA,NA,NA,NA,NA,768.250000,64.125000,512.000000,2.518400,0.500000,0.003256,0.000000,0.000000,64.000000,0.397034,NA,NA,NA,NA,
10,vector0,NA,NA,NA,NA,NA,NA,NA,NA,NA,NA,NA,NA,20.908485,34499,0.207768,0.418782,0.422029,0.207768,6,0.003636,2,0.006990,32.500000,16.000000,NA,NA,NA,NA,NA,NA,NA,NA,32.250000,0.190304,16.000000,0.111225,
10,vector1,NA,NA,NA,NA,NA,NA,NA,NA,NA,NA,NA,NA,20.914545,34509,0.207768,0.418782,0.422029,0.207768,6,0.003487,2,0.008394,32.500000,16.000000,NA,NA,NA,NA,NA,NA,NA,NA,32.250000,0.190304,16.000000,0.111225,
11,cube0,19.846060,32746,6.648577,6.648577,9.976111,0.832695,129,0.049257,65,0.249979,1,0.000017,NA,NA,NA,NA,NA,NA,NA,NA,NA,NA,768.250000,64.125000,512.000000,2.518400,0.500000,0.003256,0.000000,0.000000,64.000000,0.397034,NA,NA,NA,NA,
11,vector0,NA,NA,NA,NA,NA,NA,NA,NA,NA,NA,NA,NA,21.178183,34944,0.207768,0.418782,0.422029,0.207768,6,0.003836,2,0.003354,32.500000,16.000000,NA,NA,NA,NA,NA,NA,NA,NA,32.250000,0.190304,16.000000,0.111225,
11,vector1,NA,NA,NA,NA,NA,NA,NA,NA,NA,NA,NA,NA,21.230909,35031,0.207768,0.418782,0.422029,0.207768,6,0.004309,2,0.003379,32.500000,16.000000,NA,NA,NA,NA,NA,NA,NA,NA,32.250000,0.190304,16.000000,0.111225,
12,cube0,19.930908,32886,6.648577,6.648577,9.976111,0.832695,129,0.049531,65,0.249357,1,0.000017,NA,NA,NA,NA,NA,NA,NA,NA,NA,NA,768.250000,64.125000,512.000000,2.518400,0.500000,0.003256,0.000000,0.000000,64.000000,0.397034,NA,NA,NA,NA,
12,vector0,NA,NA,NA,NA,NA,NA,NA,NA,NA,NA,NA,NA,21.592121,35627,0.207768,0.418782,0.422029,0.207768,6,0.006633,2,0.003288,32.500000,16.000000,NA,NA,NA,NA,NA,NA,NA,NA,32.250000,0.190304,16.000000,0.111225,
12,vector1,NA,NA,NA,NA,NA,NA,NA,NA,NA,NA,NA,NA,21.772728,35925,0.207768,0.418782,0.422029,0.207768,6,0.008053,2,0.004118,32.500000,16.000000,NA,NA,NA,NA,NA,NA,NA,NA,32.250000,0.190304,16.000000,0.111225,
13,cube0,19.928484,32882,6.648577,6.648577,9.976111,0.832695,129,0.049697,65,0.244583,1,0.000017,NA,NA,NA,NA,NA,NA,NA,NA,NA,NA,768.250000,64.125000,512.000000,2.518400,0.500000,0.003256,0.000000,0.000000,64.000000,0.397034,NA,NA,NA,NA,
13,vector0,NA,NA,NA,NA,NA,NA,NA,NA,NA,NA,NA,NA,21.303637,35151,0.207768,0.418782,0.422029,0.207768,6,0.004990,2,0.005629,32.500000,16.000000,NA,NA,NA,NA,NA,NA,NA,NA,32.250000,0.190304,16.000000,0.111225,
13,vector1,NA,NA,NA,NA,NA,NA,NA,NA,NA,NA,NA,NA,21.473333,35431,0.207768,0.418782,0.422029,0.207768,6,0.006883,2,0.006957,32.500000,16.000000,NA,NA,NA,NA,NA,NA,NA,NA,32.250000,0.190304,16.000000,0.111225,
14,cube0,20.711515,34174,6.648577,6.648577,9.976111,0.832695,129,0.049697,65,0.251374,1,0.000017,NA,NA,NA,NA,NA,NA,NA,NA,NA,NA,768.250000,64.125000,512.000000,2.518400,0.500000,0.003256,0.000000,0.000000,64.000000,0.397034,NA,NA,NA,NA,
14,vector0,NA,NA,NA,NA,NA,NA,NA,NA,NA,NA,NA,NA,22.067272,36411,0.207768,0.418782,0.422029,0.207768,6,0.004566,2,0.003404,32.500000,16.000000,NA,NA,NA,NA,NA,NA,NA,NA,32.250000,0.190304,16.000000,0.111225,
14,vector1,NA,NA,NA,NA,NA,NA,NA,NA,NA,NA,NA,NA,22.883030,37757,0.207768,0.418782,0.422029,0.207768,6,0.005089,2,0.009124,32.500000,16.000000,NA,NA,NA,NA,NA,NA,NA,NA,32.250000,0.190304,16.000000,0.111225,
15,cube0,20.950909,34569,6.648577,6.648577,9.976111,0.832695,129,0.049747,65,0.252163,1,0.000017,NA,NA,NA,NA,NA,NA,NA,NA,NA,NA,768.250000,64.125000,512.000000,2.518400,0.500000,0.003256,0.000000,0.000000,64.000000,0.397034,NA,NA,NA,NA,
15,vector0,NA,NA,NA,NA,NA,NA,NA,NA,NA,NA,NA,NA,22.337576,36857,0.207768,0.418782,0.422029,0.207768,6,0.003819,2,0.003944,32.500000,16.000000,NA,NA,NA,NA,NA,NA,NA,NA,32.250000,0.190304,16.000000,0.111225,
15,vector1,NA,NA,NA,NA,NA,NA,NA,NA,NA,NA,NA,NA,24.385454,40236,0.207768,0.418782,0.422029,0.207768,6,0.010170,2,0.013890,32.500000,16.000000,NA,NA,NA,NA,NA,NA,NA,NA,32.250000,0.190304,16.000000,0.111225,
16,cube0,19.161818,31617,6.648577,6.648577,9.976111,0.832695,129,0.049788,65,0.234562,1,0.000017,NA,NA,NA,NA,NA,NA,NA,NA,NA,NA,768.250000,64.125000,512.000000,2.518400,0.500000,0.003256,0.000000,0.000000,64.000000,0.397034,NA,NA,NA,NA,
16,vector0,NA,NA,NA,NA,NA,NA,NA,NA,NA,NA,NA,NA,20.466061,33769,0.207768,0.418782,0.422029,0.207768,6,0.004201,2,0.003337,32.500000,16.000000,NA,NA,NA,NA,NA,NA,NA,NA,32.250000,0.190304,16.000000,0.111225,
16,vector1,NA,NA,NA,NA,NA,NA,NA,NA,NA,NA,NA,NA,20.704849,34163,0.207768,0.418782,0.422029,0.207768,6,0.005363,2,0.004051,32.500000,16.000000,NA,NA,NA,NA,NA,NA,NA,NA,32.250000,0.190304,16.000000,0.111225,
17,cube0,19.165455,31623,6.648577,6.648577,9.976111,0.832695,129,0.049822,65,0.234263,1,0.000017,NA,NA,NA,NA,NA,NA,NA,NA,NA,NA,768.250000,64.125000,512.000000,2.518400,0.500000,0.003256,0.000000,0.000000,64.000000,0.397034,NA,NA,NA,NA,
17,vector0,NA,NA,NA,NA,NA,NA,NA,NA,NA,NA,NA,NA,20.790302,34304,0.207768,0.418782,0.422029,0.207768,6,0.006633,2,0.003877,32.500000,16.000000,NA,NA,NA,NA,NA,NA,NA,NA,32.250000,0.190304,16.000000,0.111225,
17,vector1,NA,NA,NA,NA,NA,NA,NA,NA,NA,NA,NA,NA,20.466667,33770,0.207768,0.418782,0.422029,0.207768,6,0.004043,2,0.005039,32.500000,16.000000,NA,NA,NA,NA,NA,NA,NA,NA,32.250000,0.190304,16.000000,0.111225,
18,cube0,19.350304,31928,6.648577,6.648577,9.976111,0.832695,129,0.049689,65,0.233641,1,0.000017,NA,NA,NA,NA,NA,NA,NA,NA,NA,NA,768.250000,64.125000,512.000000,2.518400,0.500000,0.003256,0.000000,0.000000,64.000000,0.397034,NA,NA,NA,NA,
18,vector0,NA,NA,NA,NA,NA,NA,NA,NA,NA,NA,NA,NA,20.604242,33997,0.207768,0.418782,0.422029,0.207768,6,0.003603,2,0.004890,32.500000,16.000000,NA,NA,NA,NA,NA,NA,NA,NA,32.250000,0.190304,16.000000,0.111225,
18,vector1,NA,NA,NA,NA,NA,NA,NA,NA,NA,NA,NA,NA,20.998182,34647,0.207768,0.418782,0.422029,0.207768,6,0.006683,2,0.005513,32.500000,16.000000,NA,NA,NA,NA,NA,NA,NA,NA,32.250000,0.190304,16.000000,0.111225,
19,cube0,19.345455,31920,6.648577,6.648577,9.976111,0.832695,129,0.049564,65,0.229514,1,0.000017,NA,NA,NA,NA,NA,NA,NA,NA,NA,NA,768.250000,64.125000,512.000000,2.518400,0.500000,0.003256,0.000000,0.000000,64.000000,0.397034,NA,NA,NA,NA,
19,vector0,NA,NA,NA,NA,NA,NA,NA,NA,NA,NA,NA,NA,20.870909,34437,0.207768,0.418782,0.422029,0.207768,6,0.005928,2,0.003263,32.500000,16.000000,NA,NA,NA,NA,NA,NA,NA,NA,32.250000,0.190304,16.000000,0.111225,
19,vector1,NA,NA,NA,NA,NA,NA,NA,NA,NA,NA,NA,NA,20.730909,34206,0.207768,0.418782,0.422029,0.207768,6,0.003794,2,0.004309,32.500000,16.000000,NA,NA,NA,NA,NA,NA,NA,NA,32.250000,0.190304,16.000000,0.111225,
20,cube0,15.366060,25354,6.648577,6.648577,9.976111,0.832695,129,0.049755,65,0.193690,1,0.000017,NA,NA,NA,NA,NA,NA,NA,NA,NA,NA,768.250000,64.125000,512.000000,2.518400,0.500000,0.003256,0.000000,0.000000,64.000000,0.397034,NA,NA,NA,NA,
20,vector0,NA,NA,NA,NA,NA,NA,NA,NA,NA,NA,NA,NA,16.981817,28020,0.207768,0.418782,0.422029,0.207768,6,0.004790,2,0.005280,32.500000,16.000000,NA,NA,NA,NA,NA,NA,NA,NA,32.250000,0.190304,16.000000,0.111225,
20,vector1,NA,NA,NA,NA,NA,NA,NA,NA,NA,NA,NA,NA,17.021818,28086,0.207768,0.418782,0.422029,0.207768,6,0.005795,2,0.004940,32.500000,16.000000,NA,NA,NA,NA,NA,NA,NA,NA,32.250000,0.190304,16.000000,0.111225,
21,cube0,15.561213,25676,6.648577,6.648577,9.976111,0.832695,129,0.050378,65,0.192910,1,0.000017,NA,NA,NA,NA,NA,NA,NA,NA,NA,NA,768.250000,64.125000,512.000000,2.518400,0.500000,0.003256,0.000000,0.000000,64.000000,0.397034,NA,NA,NA,NA,
21,vector0,NA,NA,NA,NA,NA,NA,NA,NA,NA,NA,NA,NA,17.193939,28370,0.207768,0.418782,0.422029,0.207768,6,0.004707,2,0.003371,32.500000,16.000000,NA,NA,NA,NA,NA,NA,NA,NA,32.250000,0.190304,16.000000,0.111225,
21,vector1,NA,NA,NA,NA,NA,NA,NA,NA,NA,NA,NA,NA,17.132727,28269,0.207768,0.418782,0.422029,0.207768,6,0.003877,2,0.004458,32.500000,16.000000,NA,NA,NA,NA,NA,NA,NA,NA,32.250000,0.190304,16.000000,0.111225,
22,cube0,15.039394,24815,6.648577,6.648577,9.976111,0.832695,129,0.050262,65,0.189116,1,0.000017,NA,NA,NA,NA,NA,NA,NA,NA,NA,NA,768.250000,64.125000,512.000000,2.518400,0.500000,0.003256,0.000000,0.000000,64.000000,0.397034,NA,NA,NA,NA,
22,vector0,NA,NA,NA,NA,NA,NA,NA,NA,NA,NA,NA,NA,16.731516,27607,0.207768,0.418782,0.422029,0.207768,6,0.006252,2,0.005753,32.500000,16.000000,NA,NA,NA,NA,NA,NA,NA,NA,32.250000,0.190304,16.000000,0.111225,
22,vector1,NA,NA,NA,NA,NA,NA,NA,NA,NA,NA,NA,NA,16.532122,27278,0.207768,0.418782,0.422029,0.207768,6,0.003778,2,0.005222,32.500000,16.000000,NA,NA,NA,NA,NA,NA,NA,NA,32.250000,0.190304,16.000000,0.111225,
23,cube0,15.092728,24903,6.648577,6.648577,9.976111,0.832695,129,0.050353,65,0.182109,1,0.000017,NA,NA,NA,NA,NA,NA,NA,NA,NA,NA,768.250000,64.125000,512.000000,2.518400,0.500000,0.003256,0.000000,0.000000,64.000000,0.397034,NA,NA,NA,NA,
23,vector0,NA,NA,NA,NA,NA,NA,NA,NA,NA,NA,NA,NA,16.849697,27802,0.207768,0.418782,0.422029,0.207768,6,0.005322,2,0.004956,32.500000,16.000000,NA,NA,NA,NA,NA,NA,NA,NA,32.250000,0.190304,16.000000,0.111225,
23,vector1,NA,NA,NA,NA,NA,NA,NA,NA,NA,NA,NA,NA,16.809696,27736,0.207768,0.418782,0.422029,0.207768,6,0.004674,2,0.004907,32.500000,16.000000,NA,NA,NA,NA,NA,NA,NA,NA,32.250000,0.190304,16.000000,0.111225,
24,cube0,16.814545,27744,6.648577,6.648577,9.976111,0.832695,129,0.049963,65,0.205338,1,0.000017,NA,NA,NA,NA,NA,NA,NA,NA,NA,NA,768.250000,64.125000,512.000000,2.518400,0.500000,0.003256,0.000000,0.000000,64.000000,0.397034,NA,NA,NA,NA,
24,vector0,NA,NA,NA,NA,NA,NA,NA,NA,NA,NA,NA,NA,18.376364,30321,0.207768,0.418782,0.422029,0.207768,6,0.003769,2,0.003686,32.500000,16.000000,NA,NA,NA,NA,NA,NA,NA,NA,32.250000,0.190304,16.000000,0.111225,
24,vector1,NA,NA,NA,NA,NA,NA,NA,NA,NA,NA,NA,NA,18.541212,30593,0.207768,0.418782,0.422029,0.207768,6,0.003587,2,0.003894,32.500000,16.000000,NA,NA,NA,NA,NA,NA,NA,NA,32.250000,0.190304,16.000000,0.111225,
25,cube0,16.595152,27382,6.648577,6.648577,9.976111,0.832695,129,0.050004,65,0.201096,1,0.000017,NA,NA,NA,NA,NA,NA,NA,NA,NA,NA,768.250000,64.125000,512.000000,2.518400,0.500000,0.003256,0.000000,0.000000,64.000000,0.397034,NA,NA,NA,NA,
25,vector0,NA,NA,NA,NA,NA,NA,NA,NA,NA,NA,NA,NA,18.103031,29870,0.207768,0.418782,0.422029,0.207768,6,0.003794,2,0.003362,32.500000,16.000000,NA,NA,NA,NA,NA,NA,NA,NA,32.250000,0.190304,16.000000,0.111225,
25,vector1,NA,NA,NA,NA,NA,NA,NA,NA,NA,NA,NA,NA,18.111515,29884,0.207768,0.418782,0.422029,0.207768,6,0.003827,2,0.003138,32.500000,16.000000,NA,NA,NA,NA,NA,NA,NA,NA,32.250000,0.190304,16.000000,0.111225,
26,cube0,17.189697,28363,6.648577,6.648577,9.976111,0.832695,129,0.049954,65,0.209481,1,0.000017,NA,NA,NA,NA,NA,NA,NA,NA,NA,NA,768.250000,64.125000,512.000000,2.518400,0.500000,0.003256,0.000000,0.000000,64.000000,0.397034,NA,NA,NA,NA,
26,vector0,NA,NA,NA,NA,NA,NA,NA,NA,NA,NA,NA,NA,18.731516,30907,0.207768,0.418782,0.422029,0.207768,6,0.003570,2,0.003097,32.500000,16.000000,NA,NA,NA,NA,NA,NA,NA,NA,32.250000,0.190304,16.000000,0.111225,
26,vector1,NA,NA,NA,NA,NA,NA,NA,NA,NA,NA,NA,NA,18.904848,31193,0.207768,0.418782,0.422029,0.207768,6,0.006243,2,0.003213,32.500000,16.000000,NA,NA,NA,NA,NA,NA,NA,NA,32.250000,0.190304,16.000000,0.111225,
27,cube0,16.743637,27627,6.648577,6.648577,9.976111,0.832695,129,0.050087,65,0.201569,1,0.000017,NA,NA,NA,NA,NA,NA,NA,NA,NA,NA,768.250000,64.125000,512.000000,2.518400,0.500000,0.003256,0.000000,0.000000,64.000000,0.397034,NA,NA,NA,NA,
27,vector0,NA,NA,NA,NA,NA,NA,NA,NA,NA,NA,NA,NA,18.243031,30101,0.207768,0.418782,0.422029,0.207768,6,0.003678,2,0.003661,32.500000,16.000000,NA,NA,NA,NA,NA,NA,NA,NA,32.250000,0.190304,16.000000,0.111225,
27,vector1,NA,NA,NA,NA,NA,NA,NA,NA,NA,NA,NA,NA,18.236364,30090,0.207768,0.418782,0.422029,0.207768,6,0.003537,2,0.003711,32.500000,16.000000,NA,NA,NA,NA,NA,NA,NA,NA,32.250000,0.190304,16.000000,0.111225,
28,cube0,16.902424,27889,6.648577,6.648577,9.976111,0.832695,129,0.049888,65,0.195301,1,0.000017,NA,NA,NA,NA,NA,NA,NA,NA,NA,NA,768.250000,64.125000,512.000000,2.518400,0.500000,0.003256,0.000000,0.000000,64.000000,0.397034,NA,NA,NA,NA,
28,vector0,NA,NA,NA,NA,NA,NA,NA,NA,NA,NA,NA,NA,18.516970,30553,0.207768,0.418782,0.422029,0.207768,6,0.003694,2,0.003047,32.500000,16.000000,NA,NA,NA,NA,NA,NA,NA,NA,32.250000,0.190304,16.000000,0.111225,
28,vector1,NA,NA,NA,NA,NA,NA,NA,NA,NA,NA,NA,NA,18.633940,30746,0.207768,0.418782,0.422029,0.207768,6,0.004010,2,0.004301,32.500000,16.000000,NA,NA,NA,NA,NA,NA,NA,NA,32.250000,0.190304,16.000000,0.111225,
29,cube0,16.484241,27199,6.648577,6.648577,9.976111,0.832695,129,0.050477,65,0.193109,1,0.000017,NA,NA,NA,NA,NA,NA,NA,NA,NA,NA,768.250000,64.125000,512.000000,2.518400,0.500000,0.003256,0.000000,0.000000,64.000000,0.397034,NA,NA,NA,NA,
29,vector0,NA,NA,NA,NA,NA,NA,NA,NA,NA,NA,NA,NA,18.250303,30113,0.207768,0.418782,0.422029,0.207768,6,0.005853,2,0.005338,32.500000,16.000000,NA,NA,NA,NA,NA,NA,NA,NA,32.250000,0.190304,16.000000,0.111225,
29,vector1,NA,NA,NA,NA,NA,NA,NA,NA,NA,NA,NA,NA,18.228485,30077,0.207768,0.418782,0.422029,0.207768,6,0.005787,2,0.003346,32.500000,16.000000,NA,NA,NA,NA,NA,NA,NA,NA,32.250000,0.190304,16.000000,0.111225,
30,cube0,16.632727,27444,6.648577,6.648577,9.976111,0.832695,129,0.050502,65,0.193117,1,0.000017,NA,NA,NA,NA,NA,NA,NA,NA,NA,NA,768.250000,64.125000,512.000000,2.518400,0.500000,0.003256,0.000000,0.000000,64.000000,0.397034,NA,NA,NA,NA,
30,vector0,NA,NA,NA,NA,NA,NA,NA,NA,NA,NA,NA,NA,18.258183,30126,0.207768,0.418782,0.422029,0.207768,6,0.003553,2,0.003836,32.500000,16.000000,NA,NA,NA,NA,NA,NA,NA,NA,32.250000,0.190304,16.000000,0.111225,
30,vector1,NA,NA,NA,NA,NA,NA,NA,NA,NA,NA,NA,NA,18.229696,30079,0.207768,0.418782,0.422029,0.207768,6,0.003678,2,0.003894,32.500000,16.000000,NA,NA,NA,NA,NA,NA,NA,NA,32.250000,0.190304,16.000000,0.111225,
31,cube0,16.424242,27100,6.648577,6.648577,9.976111,0.832695,129,0.050403,65,0.187680,1,0.000017,NA,NA,NA,NA,NA,NA,NA,NA,NA,NA,768.250000,64.125000,512.000000,2.518400,0.500000,0.003256,0.000000,0.000000,64.000000,0.397034,NA,NA,NA,NA,
31,vector0,NA,NA,NA,NA,NA,NA,NA,NA,NA,NA,NA,NA,17.964848,29642,0.207768,0.418782,0.422029,0.207768,6,0.003794,2,0.003221,32.500000,16.000000,NA,NA,NA,NA,NA,NA,NA,NA,32.250000,0.190304,16.000000,0.111225,
31,vector1,NA,NA,NA,NA,NA,NA,NA,NA,NA,NA,NA,NA,17.923031,29573,0.207768,0.418782,0.422029,0.207768,6,0.003570,2,0.003080,32.500000,16.000000,NA,NA,NA,NA,NA,NA,NA,NA,32.250000,0.190304,16.000000,0.111225,
32,cube0,16.796970,27715,6.648577,6.648577,9.976111,0.832695,129,0.049805,65,0.193001,1,0.000017,NA,NA,NA,NA,NA,NA,NA,NA,NA,NA,768.250000,64.125000,512.000000,2.518400,0.500000,0.003256,0.000000,0.000000,64.000000,0.397034,NA,NA,NA,NA,
32,vector0,NA,NA,NA,NA,NA,NA,NA,NA,NA,NA,NA,NA,18.452122,30446,0.207768,0.418782,0.422029,0.207768,6,0.004599,2,0.005695,32.500000,16.000000,NA,NA,NA,NA,NA,NA,NA,NA,32.250000,0.190304,16.000000,0.111225,
32,vector1,NA,NA,NA,NA,NA,NA,NA,NA,NA,NA,NA,NA,18.552122,30611,0.207768,0.418782,0.422029,0.207768,6,0.004965,2,0.005056,32.500000,16.000000,NA,NA,NA,NA,NA,NA,NA,NA,32.250000,0.190304,16.000000,0.111225,
33,cube0,16.485455,27201,6.648577,6.648577,9.976111,0.832695,129,0.050253,65,0.187073,1,0.000017,NA,NA,NA,NA,NA,NA,NA,NA,NA,NA,768.250000,64.125000,512.000000,2.518400,0.500000,0.003256,0.000000,0.000000,64.000000,0.397034,NA,NA,NA,NA,
33,vector0,NA,NA,NA,NA,NA,NA,NA,NA,NA,NA,NA,NA,18.040001,29766,0.207768,0.418782,0.422029,0.207768,6,0.003753,2,0.006152,32.500000,16.000000,NA,NA,NA,NA,NA,NA,NA,NA,32.250000,0.190304,16.000000,0.111225,
33,vector1,NA,NA,NA,NA,NA,NA,NA,NA,NA,NA,NA,NA,18.094545,29856,0.207768,0.418782,0.422029,0.207768,6,0.003827,2,0.003105,32.500000,16.000000,NA,NA,NA,NA,NA,NA,NA,NA,32.250000,0.190304,16.000000,0.111225,
34,cube0,16.544243,27298,6.648577,6.648577,9.976111,0.832695,129,0.050129,65,0.185338,1,0.000017,NA,NA,NA,NA,NA,NA,NA,NA,NA,NA,768.250000,64.125000,512.000000,2.518400,0.500000,0.003256,0.000000,0.000000,64.000000,0.397034,NA,NA,NA,NA,
34,vector0,NA,NA,NA,NA,NA,NA,NA,NA,NA,NA,NA,NA,18.372726,30315,0.207768,0.418782,0.422029,0.207768,6,0.004575,2,0.003180,32.500000,16.000000,NA,NA,NA,NA,NA,NA,NA,NA,32.250000,0.190304,16.000000,0.111225,
34,vector1,NA,NA,NA,NA,NA,NA,NA,NA,NA,NA,NA,NA,18.306667,30206,0.207768,0.418782,0.422029,0.207768,6,0.004815,2,0.005106,32.500000,16.000000,NA,NA,NA,NA,NA,NA,NA,NA,32.250000,0.190304,16.000000,0.111225,
35,cube0,16.597576,27386,6.648577,6.648577,9.976111,0.832695,129,0.049755,65,0.184450,1,0.000017,NA,NA,NA,NA,NA,NA,NA,NA,NA,NA,768.250000,64.125000,512.000000,2.518400,0.500000,0.003256,0.000000,0.000000,64.000000,0.397034,NA,NA,NA,NA,
35,vector0,NA,NA,NA,NA,NA,NA,NA,NA,NA,NA,NA,NA,18.315758,30221,0.207768,0.418782,0.422029,0.207768,6,0.003504,2,0.003836,32.500000,16.000000,NA,NA,NA,NA,NA,NA,NA,NA,32.250000,0.190304,16.000000,0.111225,
35,vector1,NA,NA,NA,NA,NA,NA,NA,NA,NA,NA,NA,NA,18.271515,30148,0.207768,0.418782,0.422029,0.207768,6,0.003711,2,0.009008,32.500000,16.000000,NA,NA,NA,NA,NA,NA,NA,NA,32.250000,0.190304,16.000000,0.111225,
36,cube0,16.600607,27391,6.648577,6.648577,9.976111,0.832695,129,0.049531,65,0.184267,1,0.000017,NA,NA,NA,NA,NA,NA,NA,NA,NA,NA,768.250000,64.125000,512.000000,2.518400,0.500000,0.003256,0.000000,0.000000,64.000000,0.397034,NA,NA,NA,NA,
36,vector0,NA,NA,NA,NA,NA,NA,NA,NA,NA,NA,NA,NA,18.331514,30247,0.207768,0.418782,0.422029,0.207768,6,0.004782,2,0.004068,32.500000,16.000000,NA,NA,NA,NA,NA,NA,NA,NA,32.250000,0.190304,16.000000,0.111225,
36,vector1,NA,NA,NA,NA,NA,NA,NA,NA,NA,NA,NA,NA,18.352728,30282,0.207768,0.418782,0.422029,0.207768,6,0.004948,2,0.003603,32.500000,16.000000,NA,NA,NA,NA,NA,NA,NA,NA,32.250000,0.190304,16.000000,0.111225,
37,cube0,16.095758,26558,6.648577,6.648577,9.976111,0.832695,129,0.050170,65,0.178099,1,0.000017,NA,NA,NA,NA,NA,NA,NA,NA,NA,NA,768.250000,64.125000,512.000000,2.518400,0.500000,0.003256,0.000000,0.000000,64.000000,0.397034,NA,NA,NA,NA,
37,vector0,NA,NA,NA,NA,NA,NA,NA,NA,NA,NA,NA,NA,17.636364,29100,0.207768,0.418782,0.422029,0.207768,6,0.003761,2,0.003147,32.500000,16.000000,NA,NA,NA,NA,NA,NA,NA,NA,32.250000,0.190304,16.000000,0.111225,
37,vector1,NA,NA,NA,NA,NA,NA,NA,NA,NA,NA,NA,NA,17.588486,29021,0.207768,0.418782,0.422029,0.207768,6,0.003736,2,0.003205,32.500000,16.000000,NA,NA,NA,NA,NA,NA,NA,NA,32.250000,0.190304,16.000000,0.111225,
38,cube0,15.994545,26391,6.648577,6.648577,9.976111,0.832695,129,0.049780,65,0.180996,1,0.000017,NA,NA,NA,NA,NA,NA,NA,NA,NA,NA,768.250000,64.125000,512.000000,2.518400,0.500000,0.003256,0.000000,0.000000,64.000000,0.397034,NA,NA,NA,NA,
38,vector0,NA,NA,NA,NA,NA,NA,NA,NA,NA,NA,NA,NA,17.527273,28920,0.207768,0.418782,0.422029,0.207768,6,0.003611,2,0.010992,32.500000,16.000000,NA,NA,NA,NA,NA,NA,NA,NA,32.250000,0.190304,16.000000,0.111225,
38,vector1,NA,NA,NA,NA,NA,NA,NA,NA,NA,NA,NA,NA,17.507273,28887,0.207768,0.418782,0.422029,0.207768,6,0.003636,2,0.003877,32.500000,16.000000,NA,NA,NA,NA,NA,NA,NA,NA,32.250000,0.190304,16.000000,0.111225,
39,cube0,15.209091,25095,6.648577,6.648577,9.976111,0.832695,129,0.050195,65,0.185446,1,0.000017,NA,NA,NA,NA,NA,NA,NA,NA,NA,NA,768.250000,64.125000,512.000000,2.518400,0.500000,0.003256,0.000000,0.000000,64.000000,0.397034,NA,NA,NA,NA,
39,vector0,NA,NA,NA,NA,NA,NA,NA,NA,NA,NA,NA,NA,17.517576,28904,0.207768,0.418782,0.422029,0.207768,6,0.003545,2,0.003412,32.500000,16.000000,NA,NA,NA,NA,NA,NA,NA,NA,32.250000,0.190304,16.000000,0.111225,
39,vector1,NA,NA,NA,NA,NA,NA,NA,NA,NA,NA,NA,NA,16.746061,27631,0.207768,0.418782,0.422029,0.207768,6,0.003520,2,0.003254,32.500000,16.000000,NA,NA,NA,NA,NA,NA,NA,NA,32.250000,0.190304,16.000000,0.111225,
40,cube0,15.364243,25351,6.648577,6.648577,9.976111,0.832695,129,0.050178,65,0.194313,1,0.000017,NA,NA,NA,NA,NA,NA,NA,NA,NA,NA,768.250000,64.125000,512.000000,2.518400,0.500000,0.003256,0.000000,0.000000,64.000000,0.397034,NA,NA,NA,NA,
40,vector0,NA,NA,NA,NA,NA,NA,NA,NA,NA,NA,NA,NA,16.933332,27940,0.207768,0.418782,0.422029,0.207768,6,0.005023,2,0.003396,32.500000,16.000000,NA,NA,NA,NA,NA,NA,NA,NA,32.250000,0.190304,16.000000,0.111225,
40,vector1,NA,NA,NA,NA,NA,NA,NA,NA,NA,NA,NA,NA,16.851515,27805,0.207768,0.418782,0.422029,0.207768,6,0.003861,2,0.003429,32.500000,16.000000,NA,NA,NA,NA,NA,NA,NA,NA,32.250000,0.190304,16.000000,0.111225,
41,cube0,15.396970,25405,6.648577,6.648577,9.976111,0.832695,129,0.050187,65,0.191465,1,0.000017,NA,NA,NA,NA,NA,NA,NA,NA,NA,NA,768.250000,64.125000,512.000000,2.518400,0.500000,0.003256,0.000000,0.000000,64.000000,0.397034,NA,NA,NA,NA,
41,vector0,NA,NA,NA,NA,NA,NA,NA,NA,NA,NA,NA,NA,17.106667,28226,0.207768,0.418782,0.422029,0.207768,6,0.005380,2,0.006235,32.500000,16.000000,NA,NA,NA,NA,NA,NA,NA,NA,32.250000,0.190304,16.000000,0.111225,
41,vector1,NA,NA,NA,NA,NA,NA,NA,NA,NA,NA,NA,NA,17.115757,28241,0.207768,0.418782,0.422029,0.207768,6,0.005546,2,0.006202,32.500000,16.000000,NA,NA,NA,NA,NA,NA,NA,NA,32.250000,0.190304,16.000000,0.111225,
42,cube0,15.246667,25157,6.648577,6.648577,9.976111,0.832695,129,0.050320,65,0.190942,1,0.000017,NA,NA,NA,NA,NA,NA,NA,NA,NA,NA,768.250000,64.125000,512.000000,2.518400,0.500000,0.003256,0.000000,0.000000,64.000000,0.397034,NA,NA,NA,NA,
42,vector0,NA,NA,NA,NA,NA,NA,NA,NA,NA,NA,NA,NA,17.032122,28103,0.207768,0.418782,0.422029,0.207768,6,0.005089,2,0.003230,32.500000,16.000000,NA,NA,NA,NA,NA,NA,NA,NA,32.250000,0.190304,16.000000,0.111225,
42,vector1,NA,NA,NA,NA,NA,NA,NA,NA,NA,NA,NA,NA,16.859394,27818,0.207768,0.418782,0.422029,0.207768,6,0.004076,2,0.003147,32.500000,16.000000,NA,NA,NA,NA,NA,NA,NA,NA,32.250000,0.190304,16.000000,0.111225,
43,cube0,14.905455,24594,6.648577,6.648577,9.976111,0.832695,129,0.049946,65,0.186434,1,0.000017,NA,NA,NA,NA,NA,NA,NA,NA,NA,NA,768.250000,64.125000,512.000000,2.518400,0.500000,0.003256,0.000000,0.000000,64.000000,0.397034,NA,NA,NA,NA,
43,vector0,NA,NA,NA,NA,NA,NA,NA,NA,NA,NA,NA,NA,16.687273,27534,0.207768,0.418782,0.422029,0.207768,6,0.005919,2,0.003993,32.500000,16.000000,NA,NA,NA,NA,NA,NA,NA,NA,32.250000,0.190304,16.000000,0.111225,
43,vector1,NA,NA,NA,NA,NA,NA,NA,NA,NA,NA,NA,NA,16.400606,27061,0.207768,0.418782,0.422029,0.207768,6,0.003553,2,0.004799,32.500000,16.000000,NA,NA,NA,NA,NA,NA,NA,NA,32.250000,0.190304,16.000000,0.111225,
44,cube0,14.379394,23726,6.648577,6.648577,9.976111,0.832695,129,0.050137,65,0.180581,1,0.000017,NA,NA,NA,NA,NA,NA,NA,NA,NA,NA,768.250000,64.125000,512.000000,2.518400,0.500000,0.003256,0.000000,0.000000,64.000000,0.397034,NA,NA,NA,NA,
44,vector0,NA,NA,NA,NA,NA,NA,NA,NA,NA,NA,NA,NA,15.895758,26228,0.207768,0.418782,0.422029,0.207768,6,0.003894,2,0.003213,32.500000,16.000000,NA,NA,NA,NA,NA,NA,NA,NA,32.250000,0.190304,16.000000,0.111225,
44,vector1,NA,NA,NA,NA,NA,NA,NA,NA,NA,NA,NA,NA,15.903030,26240,0.207768,0.418782,0.422029,0.207768,6,0.003944,2,0.003064,32.500000,16.000000,NA,NA,NA,NA,NA,NA,NA,NA,32.250000,0.190304,16.000000,0.111225,
45,cube0,14.258788,23527,6.648577,6.648577,9.976111,0.832695,129,0.050278,65,0.177493,1,0.000017,NA,NA,NA,NA,NA,NA,NA,NA,NA,NA,768.250000,64.125000,512.000000,2.518400,0.500000,0.003256,0.000000,0.000000,64.000000,0.397034,NA,NA,NA,NA,
45,vector0,NA,NA,NA,NA,NA,NA,NA,NA,NA,NA,NA,NA,15.914545,26259,0.207768,0.418782,0.422029,0.207768,6,0.004516,2,0.005903,32.500000,16.000000,NA,NA,NA,NA,NA,NA,NA,NA,32.250000,0.190304,16.000000,0.111225,
45,vector1,NA,NA,NA,NA,NA,NA,NA,NA,NA,NA,NA,NA,15.813939,26093,0.207768,0.418782,0.422029,0.207768,6,0.003595,2,0.003985,32.500000,16.000000,NA,NA,NA,NA,NA,NA,NA,NA,32.250000,0.190304,16.000000,0.111225,
46,cube0,14.252728,23517,6.648577,6.648577,9.976111,0.832695,129,0.050220,65,0.178813,1,0.000017,NA,NA,NA,NA,NA,NA,NA,NA,NA,NA,768.250000,64.125000,512.000000,2.518400,0.500000,0.003256,0.000000,0.000000,64.000000,0.397034,NA,NA,NA,NA,
46,vector0,NA,NA,NA,NA,NA,NA,NA,NA,NA,NA,NA,NA,15.908484,26249,0.207768,0.418782,0.422029,0.207768,6,0.004865,2,0.003587,32.500000,16.000000,NA,NA,NA,NA,NA,NA,NA,NA,32.250000,0.190304,16.000000,0.111225,
46,vector1,NA,NA,NA,NA,NA,NA,NA,NA,NA,NA,NA,NA,16.000607,26401,0.207768,0.418782,0.422029,0.207768,6,0.004491,2,0.004674,32.500000,16.000000,NA,NA,NA,NA,NA,NA,NA,NA,32.250000,0.190304,16.000000,0.111225,
47,cube0,13.945455,23010,6.648577,6.648577,9.976111,0.832695,129,0.050760,65,0.171532,1,0.000017,NA,NA,NA,NA,NA,NA,NA,NA,NA,NA,768.250000,64.125000,512.000000,2.518400,0.500000,0.003256,0.000000,0.000000,64.000000,0.397034,NA,NA,NA,NA,
47,vector0,NA,NA,NA,NA,NA,NA,NA,NA,NA,NA,NA,NA,15.446060,25486,0.207768,0.418782,0.422029,0.207768,6,0.003653,2,0.004076,32.500000,16.000000,NA,NA,NA,NA,NA,NA,NA,NA,32.250000,0.190304,16.000000,0.111225,
47,vector1,NA,NA,NA,NA,NA,NA,NA,NA,NA,NA,NA,NA,15.494545,25566,0.207768,0.418782,0.422029,0.207768,6,0.004159,2,0.003246,32.500000,16.000000,NA,NA,NA,NA,NA,NA,NA,NA,32.250000,0.190304,16.000000,0.111225,
48,cube0,15.473333,25531,6.648577,6.648577,9.976111,0.832695,129,0.050178,65,0.189830,1,0.000017,NA,NA,NA,NA,NA,NA,NA,NA,NA,NA,768.250000,64.125000,512.000000,2.518400,0.500000,0.003256,0.000000,0.000000,64.000000,0.397034,NA,NA,NA,NA,
48,vector0,NA,NA,NA,NA,NA,NA,NA,NA,NA,NA,NA,NA,17.038181,28113,0.207768,0.418782,0.422029,0.207768,6,0.004359,2,0.003171,32.500000,16.000000,NA,NA,NA,NA,NA,NA,NA,NA,32.250000,0.190304,16.000000,0.111225,
48,vector1,NA,NA,NA,NA,NA,NA,NA,NA,NA,NA,NA,NA,17.101818,28218,0.207768,0.418782,0.422029,0.207768,6,0.005064,2,0.003188,32.500000,16.000000,NA,NA,NA,NA,NA,NA,NA,NA,32.250000,0.190304,16.000000,0.111225,
49,cube0,15.641212,25808,6.648577,6.648577,9.976111,0.832695,129,0.050386,65,0.190262,1,0.000017,NA,NA,NA,NA,NA,NA,NA,NA,NA,NA,768.250000,64.125000,512.000000,2.518400,0.500000,0.003256,0.000000,0.000000,64.000000,0.397034,NA,NA,NA,NA,
49,vector0,NA,NA,NA,NA,NA,NA,NA,NA,NA,NA,NA,NA,17.299395,28544,0.207768,0.418782,0.422029,0.207768,6,0.004965,2,0.003885,32.500000,16.000000,NA,NA,NA,NA,NA,NA,NA,NA,32.250000,0.190304,16.000000,0.111225,
49,vector1,NA,NA,NA,NA,NA,NA,NA,NA,NA,NA,NA,NA,17.361212,28646,0.207768,0.418782,0.422029,0.207768,6,0.003703,2,0.003852,32.500000,16.000000,NA,NA,NA,NA,NA,NA,NA,NA,32.250000,0.190304,16.000000,0.111225,
50,cube0,15.987879,26380,6.648577,6.648577,9.976111,0.832695,129,0.050386,65,0.192819,1,0.000017,NA,NA,NA,NA,NA,NA,NA,NA,NA,NA,768.250000,64.125000,512.000000,2.518400,0.500000,0.003256,0.000000,0.000000,64.000000,0.397034,NA,NA,NA,NA,
50,vector0,NA,NA,NA,NA,NA,NA,NA,NA,NA,NA,NA,NA,17.552727,28962,0.207768,0.418782,0.422029,0.207768,6,0.003728,2,0.003753,32.500000,16.000000,NA,NA,NA,NA,NA,NA,NA,NA,32.250000,0.190304,16.000000,0.111225,
50,vector1,NA,NA,NA,NA,NA,NA,NA,NA,NA,NA,NA,NA,17.507879,28888,0.207768,0.418782,0.422029,0.207768,6,0.003653,2,0.003130,32.500000,16.000000,NA,NA,NA,NA,NA,NA,NA,NA,32.250000,0.190304,16.000000,0.111225,
51,cube0,15.508485,25589,6.648577,6.648577,9.976111,0.832695,129,0.051000,65,0.186775,1,0.000017,NA,NA,NA,NA,NA,NA,NA,NA,NA,NA,768.250000,64.125000,512.000000,2.518400,0.500000,0.003256,0.000000,0.000000,64.000000,0.397034,NA,NA,NA,NA,
51,vector0,NA,NA,NA,NA,NA,NA,NA,NA,NA,NA,NA,NA,17.055758,28142,0.207768,0.418782,0.422029,0.207768,6,0.003694,2,0.003844,32.500000,16.000000,NA,NA,NA,NA,NA,NA,NA,NA,32.250000,0.190304,16.000000,0.111225,
51,vector1,NA,NA,NA,NA,NA,NA,NA,NA,NA,NA,NA,NA,17.004848,28058,0.207768,0.418782,0.422029,0.207768,6,0.003711,2,0.003719,32.500000,16.000000,NA,NA,NA,NA,NA,NA,NA,NA,32.250000,0.190304,16.000000,0.111225,
52,cube0,15.310303,25262,6.648577,6.648577,9.976111,0.832695,129,0.050793,65,0.182574,1,0.000017,NA,NA,NA,NA,NA,NA,NA,NA,NA,NA,768.250000,64.125000,512.000000,2.518400,0.500000,0.003256,0.000000,0.000000,64.000000,0.397034,NA,NA,NA,NA,
52,vector0,NA,NA,NA,NA,NA,NA,NA,NA,NA,NA,NA,NA,16.816969,27748,0.207768,0.418782,0.422029,0.207768,6,0.003728,2,0.003188,32.500000,16.000000,NA,NA,NA,NA,NA,NA,NA,NA,32.250000,0.190304,16.000000,0.111225,
52,vector1,NA,NA,NA,NA,NA,NA,NA,NA,NA,NA,NA,NA,17.100607,28216,0.207768,0.418782,0.422029,0.207768,6,0.005355,2,0.003072,32.500000,16.000000,NA,NA,NA,NA,NA,NA,NA,NA,32.250000,0.190304,16.000000,0.111225,
53,cube0,15.309091,25260,6.648577,6.648577,9.976111,0.832695,129,0.051133,65,0.179701,1,0.000017,NA,NA,NA,NA,NA,NA,NA,NA,NA,NA,768.250000,64.125000,512.000000,2.518400,0.500000,0.003256,0.000000,0.000000,64.000000,0.397034,NA,NA,NA,NA,
53,vector0,NA,NA,NA,NA,NA,NA,NA,NA,NA,NA,NA,NA,16.905455,27894,0.207768,0.418782,0.422029,0.207768,6,0.003703,2,0.003694,32.500000,16.000000,NA,NA,NA,NA,NA,NA,NA,NA,32.250000,0.190304,16.000000,0.111225,
53,vector1,NA,NA,NA,NA,NA,NA,NA,NA,NA,NA,NA,NA,16.808485,27734,0.207768,0.418782,0.422029,0.207768,6,0.003603,2,0.003802,32.500000,16.000000,NA,NA,NA,NA,NA,NA,NA,NA,32.250000,0.190304,16.000000,0.111225,
54,cube0,15.283031,25217,6.648577,6.648577,9.976111,0.832695,129,0.050403,65,0.178439,1,0.000017,NA,NA,NA,NA,NA,NA,NA,NA,NA,NA,768.250000,64.125000,512.000000,2.518400,0.500000,0.003256,0.000000,0.000000,64.000000,0.397034,NA,NA,NA,NA,
54,vector0,NA,NA,NA,NA,NA,NA,NA,NA,NA,NA,NA,NA,16.812120,27740,0.207768,0.418782,0.422029,0.207768,6,0.003885,2,0.003088,32.500000,16.000000,NA,NA,NA,NA,NA,NA,NA,NA,32.250000,0.190304,16.000000,0.111225,
54,vector1,NA,NA,NA,NA,NA,NA,NA,NA,NA,NA,NA,NA,16.792122,27707,0.207768,0.418782,0.422029,0.207768,6,0.003628,2,0.002989,32.500000,16.000000,NA,NA,NA,NA,NA,NA,NA,NA,32.250000,0.190304,16.000000,0.111225,
55,cube0,15.318788,25276,6.648577,6.648577,9.976111,0.832695,129,0.050760,65,0.174736,1,0.000017,NA,NA,NA,NA,NA,NA,NA,NA,NA,NA,768.250000,64.125000,512.000000,2.518400,0.500000,0.003256,0.000000,0.000000,64.000000,0.397034,NA,NA,NA,NA,
55,vector0,NA,NA,NA,NA,NA,NA,NA,NA,NA,NA,NA,NA,16.918787,27916,0.207768,0.418782,0.422029,0.207768,6,0.003628,2,0.003711,32.500000,16.000000,NA,NA,NA,NA,NA,NA,NA,NA,32.250000,0.190304,16.000000,0.111225,
55,vector1,NA,NA,NA,NA,NA,NA,NA,NA,NA,NA,NA,NA,16.901213,27887,0.207768,0.418782,0.422029,0.207768,6,0.003653,2,0.004342,32.500000,16.000000,NA,NA,NA,NA,NA,NA,NA,NA,32.250000,0.190304,16.000000,0.111225,
56,cube0,15.523030,25613,6.648577,6.648577,9.976111,0.832695,129,0.050095,65,0.178481,1,0.000017,NA,NA,NA,NA,NA,NA,NA,NA,NA,NA,768.250000,64.125000,512.000000,2.518400,0.500000,0.003256,0.000000,0.000000,64.000000,0.397034,NA,NA,NA,NA,
56,vector0,NA,NA,NA,NA,NA,NA,NA,NA,NA,NA,NA,NA,17.054546,28140,0.207768,0.418782,0.422029,0.207768,6,0.003927,2,0.003213,32.500000,16.000000,NA,NA,NA,NA,NA,NA,NA,NA,32.250000,0.190304,16.000000,0.111225,
56,vector1,NA,NA,NA,NA,NA,NA,NA,NA,NA,NA,NA,NA,17.018787,28081,0.207768,0.418782,0.422029,0.207768,6,0.003537,2,0.005039,32.500000,16.000000,NA,NA,NA,NA,NA,NA,NA,NA,32.250000,0.190304,16.000000,0.111225,
57,cube0,16.088486,26546,6.648577,6.648577,9.976111,0.832695,129,0.049822,65,0.184923,1,0.000017,NA,NA,NA,NA,NA,NA,NA,NA,NA,NA,768.250000,64.125000,512.000000,2.518400,0.500000,0.003256,0.000000,0.000000,64.000000,0.397034,NA,NA,NA,NA,
57,vector0,NA,NA,NA,NA,NA,NA,NA,NA,NA,NA,NA,NA,17.653940,29129,0.207768,0.418782,0.422029,0.207768,6,0.003537,2,0.006210,32.500000,16.000000,NA,NA,NA,NA,NA,NA,NA,NA,32.250000,0.190304,16.000000,0.111225,
57,vector1,NA,NA,NA,NA,NA,NA,NA,NA,NA,NA,NA,NA,17.616364,29067,0.207768,0.418782,0.422029,0.207768,6,0.003587,2,0.006061,32.500000,16.000000,NA,NA,NA,NA,NA,NA,NA,NA,32.250000,0.190304,16.000000,0.111225,
58,cube0,15.345454,25320,6.648577,6.648577,9.976111,0.832695,129,0.049863,65,0.174803,1,0.000017,NA,NA,NA,NA,NA,NA,NA,NA,NA,NA,768.250000,64.125000,512.000000,2.518400,0.500000,0.003256,0.000000,0.000000,64.000000,0.397034,NA,NA,NA,NA,
58,vector0,NA,NA,NA,NA,NA,NA,NA,NA,NA,NA,NA,NA,16.991514,28036,0.207768,0.418782,0.422029,0.207768,6,0.004732,2,0.005073,32.500000,16.000000,NA,NA,NA,NA,NA,NA,NA,NA,32.250000,0.190304,16.000000,0.111225,
58,vector1,NA,NA,NA,NA,NA,NA,NA,NA,NA,NA,NA,NA,17.077576,28178,0.207768,0.418782,0.422029,0.207768,6,0.005073,2,0.004359,32.500000,16.000000,NA,NA,NA,NA,NA,NA,NA,NA,32.250000,0.190304,16.000000,0.111225,
59,cube0,14.173940,23387,6.648577,6.648577,9.976111,0.832695,129,0.049822,65,0.166841,1,0.000017,NA,NA,NA,NA,NA,NA,NA,NA,NA,NA,768.250000,64.125000,512.000000,2.518400,0.500000,0.003256,0.000000,0.000000,64.000000,0.397034,NA,NA,NA,NA,
59,vector0,NA,NA,NA,NA,NA,NA,NA,NA,NA,NA,NA,NA,15.707273,25917,0.207768,0.418782,0.422029,0.207768,6,0.003753,2,0.003254,32.500000,16.000000,NA,NA,NA,NA,NA,NA,NA,NA,32.250000,0.190304,16.000000,0.111225,
59,vector1,NA,NA,NA,NA,NA,NA,NA,NA,NA,NA,NA,NA,15.661212,25841,0.207768,0.418782,0.422029,0.207768,6,0.003587,2,0.003304,32.500000,16.000000,NA,NA,NA,NA,NA,NA,NA,NA,32.250000,0.190304,16.000000,0.111225,
60,cube0,11.581212,19109,6.648577,6.648577,9.976111,0.832695,129,0.050535,65,0.142823,1,0.000017,NA,NA,NA,NA,NA,NA,NA,NA,NA,NA,768.250000,64.125000,512.000000,2.518400,0.500000,0.003256,0.000000,0.000000,64.000000,0.397034,NA,NA,NA,NA,
60,vector0,NA,NA,NA,NA,NA,NA,NA,NA,NA,NA,NA,NA,13.069697,21565,0.207768,0.418782,0.422029,0.207768,6,0.003769,2,0.003371,32.500000,16.000000,NA,NA,NA,NA,NA,NA,NA,NA,32.250000,0.190304,16.000000,0.111225,
60,vector1,NA,NA,NA,NA,NA,NA,NA,NA,NA,NA,NA,NA,13.080000,21582,0.207768,0.418782,0.422029,0.207768,6,0.003437,2,0.003064,32.500000,16.000000,NA,NA,NA,NA,NA,NA,NA,NA,32.250000,0.190304,16.000000,0.111225,
61,cube0,12.329697,20344,6.648577,6.648577,9.976111,0.832695,129,0.050560,65,0.151332,1,0.000017,NA,NA,NA,NA,NA,NA,NA,NA,NA,NA,768.250000,64.125000,512.000000,2.518400,0.500000,0.003256,0.000000,0.000000,64.000000,0.397034,NA,NA,NA,NA,
61,vector0,NA,NA,NA,NA,NA,NA,NA,NA,NA,NA,NA,NA,13.877576,22898,0.207768,0.418782,0.422029,0.207768,6,0.003595,2,0.003645,32.500000,16.000000,NA,NA,NA,NA,NA,NA,NA,NA,32.250000,0.190304,16.000000,0.111225,
61,vector1,NA,NA,NA,NA,NA,NA,NA,NA,NA,NA,NA,NA,13.849091,22851,0.207768,0.418782,0.422029,0.207768,6,0.003429,2,0.003611,32.500000,16.000000,NA,NA,NA,NA,NA,NA,NA,NA,32.250000,0.190304,16.000000,0.111225,
62,cube0,12.282424,20266,6.648577,6.648577,9.976111,0.832695,129,0.050560,65,0.150345,1,0.000017,NA,NA,NA,NA,NA,NA,NA,NA,NA,NA,768.250000,64.125000,512.000000,2.518400,0.500000,0.003256,0.000000,0.000000,64.000000,0.397034,NA,NA,NA,NA,
62,vector0,NA,NA,NA,NA,NA,NA,NA,NA,NA,NA,NA,NA,13.775151,22729,0.207768,0.418782,0.422029,0.207768,6,0.003753,2,0.003113,32.500000,16.000000,NA,NA,NA,NA,NA,NA,NA,NA,32.250000,0.190304,16.000000,0.111225,
62,vector1,NA,NA,NA,NA,NA,NA,NA,NA,NA,NA,NA,NA,13.771515,22723,0.207768,0.418782,0.422029,0.207768,6,0.003636,2,0.003130,32.500000,16.000000,NA,NA,NA,NA,NA,NA,NA,NA,32.250000,0.190304,16.000000,0.111225,
63,cube0,12.312727,20316,6.648577,6.648577,9.976111,0.832695,129,0.050303,65,0.150187,1,0.000017,NA,NA,NA,NA,NA,NA,NA,NA,NA,NA,768.250000,64.125000,512.000000,2.518400,0.500000,0.003256,0.000000,0.000000,64.000000,0.397034,NA,NA,NA,NA,
63,vector0,NA,NA,NA,NA,NA,NA,NA,NA,NA,NA,NA,NA,13.834545,22827,0.207768,0.418782,0.422029,0.207768,6,0.003611,2,0.004317,32.500000,16.000000,NA,NA,NA,NA,NA,NA,NA,NA,32.250000,0.190304,16.000000,0.111225,
63,vector1,NA,NA,NA,NA,NA,NA,NA,NA,NA,NA,NA,NA,13.934546,22992,0.207768,0.418782,0.422029,0.207768,6,0.004956,2,0.004176,32.500000,16.000000,NA,NA,NA,NA,NA,NA,NA,NA,32.250000,0.190304,16.000000,0.111225,
