block_id,sub_block_id,aic_time(us),aic_total_cycles,aic_l0a_read_bw(GB/s),aic_l0a_write_bw(GB/s),aic_l0b_read_bw(GB/s),aic_l0b_write_bw(GB/s),aic_l0c_read_bw_cube(GB/s),aic_l0c_write_bw_cube(GB/s),aiv_time(us),aiv_total_cycles,
0,cube0,19.567879,32287,6.648577,3.324289,26.594309,3.324289,25.763235,26.594309,NA,NA,
0,vector0,NA,NA,NA,NA,NA,NA,NA,NA,21.199394,34979,
0,vector1,NA,NA,NA,NA,NA,NA,NA,NA,21.058788,34747,
1,cube0,19.750910,32589,6.648577,3.324289,26.594309,3.324289,25.763235,26.594309,NA,NA,
1,vector0,NA,NA,NA,NA,NA,NA,NA,NA,21.396969,35305,
1,vector1,NA,NA,NA,NA,NA,NA,NA,NA,21.341211,35213,
2,cube0,19.874546,32793,6.648577,3.324289,26.594309,3.324289,25.763235,26.594309,NA,NA,
2,vector0,NA,NA,NA,NA,NA,NA,NA,NA,21.385454,35286,
2,vector1,NA,NA,NA,NA,NA,NA,NA,NA,21.565454,35583,
3,cube0,19.784243,32644,6.648577,3.324289,26.594309,3.324289,25.763235,26.594309,NA,NA,
3,vector0,NA,NA,NA,NA,NA,NA,NA,NA,21.588486,35621,
3,vector1,NA,NA,NA,NA,NA,NA,NA,NA,21.206667,34991,
4,cube0,20.135757,33224,6.648577,3.324289,26.594309,3.324289,25.763235,26.594309,NA,NA,
4,vector0,NA,NA,NA,NA,NA,NA,NA,NA,21.529091,35523,
4,vector1,NA,NA,NA,NA,NA,NA,NA,NA,21.621212,35675,
5,cube0,20.241817,33399,6.648577,3.324289,26.594309,3.324289,25.763235,26.594309,NA,NA,
5,vector0,NA,NA,NA,NA,NA,NA,NA,NA,21.824242,36010,
5,vector1,NA,NA,NA,NA,NA,NA,NA,NA,21.841211,36038,
6,cube0,20.844242,34393,6.648577,3.324289,26.594309,3.324289,25.763235,26.594309,NA,NA,
6,vector0,NA,NA,NA,NA,NA,NA,NA,NA,22.247272,36708,
6,vector1,NA,NA,NA,NA,NA,NA,NA,NA,23.616970,38968,
7,cube0,20.833939,34376,6.648577,3.324289,26.594309,3.324289,25.763235,26.594309,NA,NA,
7,vector0,NA,NA,NA,NA,NA,NA,NA,NA,22.469696,37075,
7,vector1,NA,NA,NA,NA,NA,NA,NA,NA,22.780001,37587,
8,cube0,19.712727,32526,6.648577,3.324289,26.594309,3.324289,25.763235,26.594309,NA,NA,
8,vector0,NA,NA,NA,NA,NA,NA,NA,NA,21.036970,34711,
8,vector1,NA,NA,NA,NA,NA,NA,NA,NA,21.056364,34743,
9,cube0,19.852121,32756,6.648577,3.324289,26.594309,3.324289,25.763235,26.594309,NA,NA,
9,vector0,NA,NA,NA,NA,NA,NA,NA,NA,21.298182,35142,
9,vector1,NA,NA,NA,NA,NA,NA,NA,NA,21.243637,35052,
10,cube0,19.619394,32372,6.648577,3.324289,26.594309,3.324289,25.763235,26.594309,NA,NA,
10,vector0,NA,NA,NA,NA,NA,NA,NA,NA,20.908485,34499,
10,vector1,NA,NA,NA,NA,NA,NA,NA,NA,20.914545,34509,
11,cube0,19.846060,32746,6.648577,3.324289,26.594309,3.324289,25.763235,26.594309,NA,NA,
11,vector0,NA,NA,NA,NA,NA,NA,NA,NA,21.178183,34944,
11,vector1,NA,NA,NA,NA,NA,NA,NA,NA,21.230909,35031,
12,cube0,19.930908,32886,6.648577,3.324289,26.594309,3.324289,25.763235,26.594309,NA,NA,
12,vector0,NA,NA,NA,NA,NA,NA,NA,NA,21.592121,35627,
12,vector1,NA,NA,NA,NA,NA,NA,NA,NA,21.772728,35925,
13,cube0,19.928484,32882,6.648577,3.324289,26.594309,3.324289,25.763235,26.594309,NA,NA,
13,vector0,NA,NA,NA,NA,NA,NA,NA,NA,21.303637,35151,
13,vector1,NA,NA,NA,NA,NA,NA,NA,NA,21.473333,35431,
14,cube0,20.711515,34174,6.648577,3.324289,26.594309,3.324289,25.763235,26.594309,NA,NA,
14,vector0,NA,NA,NA,NA,NA,NA,NA,NA,22.067272,36411,
14,vector1,NA,NA,NA,NA,NA,NA,NA,NA,22.883030,37757,
15,cube0,20.950909,34569,6.648577,3.324289,26.594309,3.324289,25.763235,26.594309,NA,NA,
15,vector0,NA,NA,NA,NA,NA,NA,NA,NA,22.337576,36857,
15,vector1,NA,NA,NA,NA,NA,NA,NA,NA,24.385454,40236,
16,cube0,19.161818,31617,6.648577,3.324289,26.594309,3.324289,25.763235,26.594309,NA,NA,
16,vector0,NA,NA,NA,NA,NA,NA,NA,NA,20.466061,33769,
16,vector1,NA,NA,NA,NA,NA,NA,NA,NA,20.704849,34163,
17,cube0,19.165455,31623,6.648577,3.324289,26.594309,3.324289,25.763235,26.594309,NA,NA,
17,vector0,NA,NA,NA,NA,NA,NA,NA,NA,20.790302,34304,
17,vector1,NA,NA,NA,NA,NA,NA,NA,NA,20.466667,33770,
18,cube0,19.350304,31928,6.648577,3.324289,26.594309,3.324289,25.763235,26.594309,NA,NA,
18,vector0,NA,NA,NA,NA,NA,NA,NA,NA,20.604242,33997,
18,vector1,NA,NA,NA,NA,NA,NA,NA,NA,20.998182,34647,
19,cube0,19.345455,31920,6.648577,3.324289,26.594309,3.324289,25.763235,26.594309,NA,NA,
19,vector0,NA,NA,NA,NA,NA,NA,NA,NA,20.870909,34437,
19,vector1,NA,NA,NA,NA,NA,NA,NA,NA,20.730909,34206,
20,cube0,15.366060,25354,6.648577,3.324289,26.594309,3.324289,25.763235,26.594309,NA,NA,
20,vector0,NA,NA,NA,NA,NA,NA,NA,NA,16.981817,28020,
20,vector1,NA,NA,NA,NA,NA,NA,NA,NA,17.021818,28086,
21,cube0,15.561213,25676,6.648577,3.324289,26.594309,3.324289,25.763235,26.594309,NA,NA,
21,vector0,NA,NA,NA,NA,NA,NA,NA,NA,17.193939,28370,
21,vector1,NA,NA,NA,NA,NA,NA,NA,NA,17.132727,28269,
22,cube0,15.039394,24815,6.648577,3.324289,26.594309,3.324289,25.763235,26.594309,NA,NA,
22,vector0,NA,NA,NA,NA,NA,NA,NA,NA,16.731516,27607,
22,vector1,NA,NA,NA,NA,NA,NA,NA,NA,16.532122,27278,
23,cube0,15.092728,24903,6.648577,3.324289,26.594309,3.324289,25.763235,26.594309,NA,NA,
23,vector0,NA,NA,NA,NA,NA,NA,NA,NA,16.849697,27802,
23,vector1,NA,NA,NA,NA,NA,NA,NA,NA,16.809696,27736,
24,cube0,16.814545,27744,6.648577,3.324289,26.594309,3.324289,25.763235,26.594309,NA,NA,
24,vector0,NA,NA,NA,NA,NA,NA,NA,NA,18.376364,30321,
24,vector1,NA,NA,NA,NA,NA,NA,NA,NA,18.541212,30593,
25,cube0,16.595152,27382,6.648577,3.324289,26.594309,3.324289,25.763235,26.594309,NA,NA,
25,vector0,NA,NA,NA,NA,NA,NA,NA,NA,18.103031,29870,
25,vector1,NA,NA,NA,NA,NA,NA,NA,NA,18.111515,29884,
26,cube0,17.189697,28363,6.648577,3.324289,26.594309,3.324289,25.763235,26.594309,NA,NA,
26,vector0,NA,NA,NA,NA,NA,NA,NA,NA,18.731516,30907,
26,vector1,NA,NA,NA,NA,NA,NA,NA,NA,18.904848,31193,
27,cube0,16.743637,27627,6.648577,3.324289,26.594309,3.324289,25.763235,26.594309,NA,NA,
27,vector0,NA,NA,NA,NA,NA,NA,NA,NA,18.243031,30101,
27,vector1,NA,NA,NA,NA,NA,NA,NA,NA,18.236364,30090,
28,cube0,16.902424,27889,6.648577,3.324289,26.594309,3.324289,25.763235,26.594309,NA,NA,
28,vector0,NA,NA,NA,NA,NA,NA,NA,NA,18.516970,30553,
28,vector1,NA,NA,NA,NA,NA,NA,NA,NA,18.633940,30746,
29,cube0,16.484241,27199,6.648577,3.324289,26.594309,3.324289,25.763235,26.594309,NA,NA,
29,vector0,NA,NA,NA,NA,NA,NA,NA,NA,18.250303,30113,
29,vector1,NA,NA,NA,NA,NA,NA,NA,NA,18.228485,30077,
30,cube0,16.632727,27444,6.648577,3.324289,26.594309,3.324289,25.763235,26.594309,NA,NA,
30,vector0,NA,NA,NA,NA,NA,NA,NA,NA,18.258183,30126,
30,vector1,NA,NA,NA,NA,NA,NA,NA,NA,18.229696,30079,
31,cube0,16.424242,27100,6.648577,3.324289,26.594309,3.324289,25.763235,26.594309,NA,NA,
31,vector0,NA,NA,NA,NA,NA,NA,NA,NA,17.964848,29642,
31,vector1,NA,NA,NA,NA,NA,NA,NA,NA,17.923031,29573,
32,cube0,16.796970,27715,6.648577,3.324289,26.594309,3.324289,25.763235,26.594309,NA,NA,
32,vector0,NA,NA,NA,NA,NA,NA,NA,NA,18.452122,30446,
32,vector1,NA,NA,NA,NA,NA,NA,NA,NA,18.552122,30611,
33,cube0,16.485455,27201,6.648577,3.324289,26.594309,3.324289,25.763235,26.594309,NA,NA,
33,vector0,NA,NA,NA,NA,NA,NA,NA,NA,18.040001,29766,
33,vector1,NA,NA,NA,NA,NA,NA,NA,NA,18.094545,29856,
34,cube0,16.544243,27298,6.648577,3.324289,26.594309,3.324289,25.763235,26.594309,NA,NA,
34,vector0,NA,NA,NA,NA,NA,NA,NA,NA,18.372726,30315,
34,vector1,NA,NA,NA,NA,NA,NA,NA,NA,18.306667,30206,
35,cube0,16.597576,27386,6.648577,3.324289,26.594309,3.324289,25.763235,26.594309,NA,NA,
35,vector0,NA,NA,NA,NA,NA,NA,NA,NA,18.315758,30221,
35,vector1,NA,NA,NA,NA,NA,NA,NA,NA,18.271515,30148,
36,cube0,16.600607,27391,6.648577,3.324289,26.594309,3.324289,25.763235,26.594309,NA,NA,
36,vector0,NA,NA,NA,NA,NA,NA,NA,NA,18.331514,30247,
36,vector1,NA,NA,NA,NA,NA,NA,NA,NA,18.352728,30282,
37,cube0,16.095758,26558,6.648577,3.324289,26.594309,3.324289,25.763235,26.594309,NA,NA,
37,vector0,NA,NA,NA,NA,NA,NA,NA,NA,17.636364,29100,
37,vector1,NA,NA,NA,NA,NA,NA,NA,NA,17.588486,29021,
38,cube0,15.994545,26391,6.648577,3.324289,26.594309,3.324289,25.763235,26.594309,NA,NA,
38,vector0,NA,NA,NA,NA,NA,NA,NA,NA,17.527273,28920,
38,vector1,NA,NA,NA,NA,NA,NA,NA,NA,17.507273,28887,
39,cube0,15.209091,25095,6.648577,3.324289,26.594309,3.324289,25.763235,26.594309,NA,NA,
39,vector0,NA,NA,NA,NA,NA,NA,NA,NA,17.517576,28904,
39,vector1,NA,NA,NA,NA,NA,NA,NA,NA,16.746061,27631,
40,cube0,15.364243,25351,6.648577,3.324289,26.594309,3.324289,25.763235,26.594309,NA,NA,
40,vector0,NA,NA,NA,NA,NA,NA,NA,NA,16.933332,27940,
40,vector1,NA,NA,NA,NA,NA,NA,NA,NA,16.851515,27805,
41,cube0,15.396970,25405,6.648577,3.324289,26.594309,3.324289,25.763235,26.594309,NA,NA,
41,vector0,NA,NA,NA,NA,NA,NA,NA,NA,17.106667,28226,
41,vector1,NA,NA,NA,NA,NA,NA,NA,NA,17.115757,28241,
42,cube0,15.246667,25157,6.648577,3.324289,26.594309,3.324289,25.763235,26.594309,NA,NA,
42,vector0,NA,NA,NA,NA,NA,NA,NA,NA,17.032122,28103,
42,vector1,NA,NA,NA,NA,NA,NA,NA,NA,16.859394,27818,
43,cube0,14.905455,24594,6.648577,3.324289,26.594309,3.324289,25.763235,26.594309,NA,NA,
43,vector0,NA,NA,NA,NA,NA,NA,NA,NA,16.687273,27534,
43,vector1,NA,NA,NA,NA,NA,NA,NA,NA,16.400606,27061,
44,cube0,14.379394,23726,6.648577,3.324289,26.594309,3.324289,25.763235,26.594309,NA,NA,
44,vector0,NA,NA,NA,NA,NA,NA,NA,NA,15.895758,26228,
44,vector1,NA,NA,NA,NA,NA,NA,NA,NA,15.903030,26240,
45,cube0,14.258788,23527,6.648577,3.324289,26.594309,3.324289,25.763235,26.594309,NA,NA,
45,vector0,NA,NA,NA,NA,NA,NA,NA,NA,15.914545,26259,
45,vector1,NA,NA,NA,NA,NA,NA,NA,NA,15.813939,26093,
46,cube0,14.252728,23517,6.648577,3.324289,26.594309,3.324289,25.763235,26.594309,NA,NA,
46,vector0,NA,NA,NA,NA,NA,NA,NA,NA,15.908484,26249,
46,vector1,NA,NA,NA,NA,NA,NA,NA,NA,16.000607,26401,
47,cube0,13.945455,23010,6.648577,3.324289,26.594309,3.324289,25.763235,26.594309,NA,NA,
47,vector0,NA,NA,NA,NA,NA,NA,NA,NA,15.446060,25486,
47,vector1,NA,NA,NA,NA,NA,NA,NA,NA,15.494545,25566,
48,cube0,15.473333,25531,6.648577,3.324289,26.594309,3.324289,25.763235,26.594309,NA,NA,
48,vector0,NA,NA,NA,NA,NA,NA,NA,NA,17.038181,28113,
48,vector1,NA,NA,NA,NA,NA,NA,NA,NA,17.101818,28218,
49,cube0,15.641212,25808,6.648577,3.324289,26.594309,3.324289,25.763235,26.594309,NA,NA,
49,vector0,NA,NA,NA,NA,NA,NA,NA,NA,17.299395,28544,
49,vector1,NA,NA,NA,NA,NA,NA,NA,NA,17.361212,28646,
50,cube0,15.987879,26380,6.648577,3.324289,26.594309,3.324289,25.763235,26.594309,NA,NA,
50,vector0,NA,NA,NA,NA,NA,NA,NA,NA,17.552727,28962,
50,vector1,NA,NA,NA,NA,NA,NA,NA,NA,17.507879,28888,
51,cube0,15.508485,25589,6.648577,3.324289,26.594309,3.324289,25.763235,26.594309,NA,NA,
51,vector0,NA,NA,NA,NA,NA,NA,NA,NA,17.055758,28142,
51,vector1,NA,NA,NA,NA,NA,NA,NA,NA,17.004848,28058,
52,cube0,15.310303,25262,6.648577,3.324289,26.594309,3.324289,25.763235,26.594309,NA,NA,
52,vector0,NA,NA,NA,NA,NA,NA,NA,NA,16.816969,27748,
52,vector1,NA,NA,NA,NA,NA,NA,NA,NA,17.100607,28216,
53,cube0,15.309091,25260,6.648577,3.324289,26.594309,3.324289,25.763235,26.594309,NA,NA,
53,vector0,NA,NA,NA,NA,NA,NA,NA,NA,16.905455,27894,
53,vector1,NA,NA,NA,NA,NA,NA,NA,NA,16.808485,27734,
54,cube0,15.283031,25217,6.648577,3.324289,26.594309,3.324289,25.763235,26.594309,NA,NA,
54,vector0,NA,NA,NA,NA,NA,NA,NA,NA,16.812120,27740,
54,vector1,NA,NA,NA,NA,NA,NA,NA,NA,16.792122,27707,
55,cube0,15.318788,25276,6.648577,3.324289,26.594309,3.324289,25.763235,26.594309,NA,NA,
55,vector0,NA,NA,NA,NA,NA,NA,NA,NA,16.918787,27916,
55,vector1,NA,NA,NA,NA,NA,NA,NA,NA,16.901213,27887,
56,cube0,15.523030,25613,6.648577,3.324289,26.594309,3.324289,25.763235,26.594309,NA,NA,
56,vector0,NA,NA,NA,NA,NA,NA,NA,NA,17.054546,28140,
56,vector1,NA,NA,NA,NA,NA,NA,NA,NA,17.018787,28081,
57,cube0,16.088486,26546,6.648577,3.324289,26.594309,3.324289,25.763235,26.594309,NA,NA,
57,vector0,NA,NA,NA,NA,NA,NA,NA,NA,17.653940,29129,
57,vector1,NA,NA,NA,NA,NA,NA,NA,NA,17.616364,29067,
58,cube0,15.345454,25320,6.648577,3.324289,26.594309,3.324289,25.763235,26.594309,NA,NA,
58,vector0,NA,NA,NA,NA,NA,NA,NA,NA,16.991514,28036,
58,vector1,NA,NA,NA,NA,NA,NA,NA,NA,17.077576,28178,
59,cube0,14.173940,23387,6.648577,3.324289,26.594309,3.324289,25.763235,26.594309,NA,NA,
59,vector0,NA,NA,NA,NA,NA,NA,NA,NA,15.707273,25917,
59,vector1,NA,NA,NA,NA,NA,NA,NA,NA,15.661212,25841,
60,cube0,11.581212,19109,6.648577,3.324289,26.594309,3.324289,25.763235,26.594309,NA,NA,
60,vector0,NA,NA,NA,NA,NA,NA,NA,NA,13.069697,21565,
60,vector1,NA,NA,NA,NA,NA,NA,NA,NA,13.080000,21582,
61,cube0,12.329697,20344,6.648577,3.324289,26.594309,3.324289,25.763235,26.594309,NA,NA,
61,vector0,NA,NA,NA,NA,NA,NA,NA,NA,13.877576,22898,
61,vector1,NA,NA,NA,NA,NA,NA,NA,NA,13.849091,22851,
62,cube0,12.282424,20266,6.648577,3.324289,26.594309,3.324289,25.763235,26.594309,NA,NA,
62,vector0,NA,NA,NA,NA,NA,NA,NA,NA,13.775151,22729,
62,vector1,NA,NA,NA,NA,NA,NA,NA,NA,13.771515,22723,
63,cube0,12.312727,20316,6.648577,3.324289,26.594309,3.324289,25.763235,26.594309,NA,NA,
63,vector0,NA,NA,NA,NA,NA,NA,NA,NA,13.834545,22827,
63,vector1,NA,NA,NA,NA,NA,NA,NA,NA,13.934546,22992,
