版本,case_id,dtype,shape_detail,PyTorch_us,候选_us,相对PyTorch,相对master,PyTorch基线变化
master-compatible,benchmark/test_narrow_copy.py::test_narrow_copy_perf::core::float16::0,float16,"[[64, 64], 0, 16, 32]",0.5793333333333336,26.75333333333333,0.021654622476949926,1.0,1.0
master-compatible,benchmark/test_narrow_copy.py::test_narrow_copy_perf::core::float16::1,float16,"[[256, 256], 0, 64, 128]",0.6633333333333334,28.22066666666667,0.023505232571874046,1.0,1.0
master-compatible,benchmark/test_narrow_copy.py::test_narrow_copy_perf::core::float16::2,float16,"[[1024, 1024], 0, 256, 512]",4.380666666666667,328.2939999999999,0.013343730517970685,1.0,1.0
master-compatible,benchmark/test_narrow_copy.py::test_narrow_copy_perf::core::float16::3,float16,"[[4096, 4096], 0, 1024, 2048]",10.813333333333334,5117.133333333332,0.0021131623174433607,1.0,1.0
master-compatible,benchmark/test_narrow_copy.py::test_narrow_copy_perf::core::float16::4,float16,"[[1024, 65536], 0, 256, 512]",102.87400000000001,20555.654000000013,0.005004657112831337,1.0,1.0
master-compatible,benchmark/test_narrow_copy.py::test_narrow_copy_perf::core::float32::0,float32,"[[64, 64], 0, 16, 32]",0.67,28.53866666666666,0.02347692020183144,1.0,1.0
master-compatible,benchmark/test_narrow_copy.py::test_narrow_copy_perf::core::float32::1,float32,"[[256, 256], 0, 64, 128]",0.8833333333333334,31.054,0.028445074171872656,1.0,1.0
master-compatible,benchmark/test_narrow_copy.py::test_narrow_copy_perf::core::float32::2,float32,"[[1024, 1024], 0, 256, 512]",4.762666666666666,365.2906666666667,0.013038019038719846,1.0,1.0
master-compatible,benchmark/test_narrow_copy.py::test_narrow_copy_perf::core::float32::3,float32,"[[4096, 4096], 0, 1024, 2048]",18.445333333333334,5700.092666666667,0.003235970783632874,1.0,1.0
master-compatible,benchmark/test_narrow_copy.py::test_narrow_copy_perf::core::float32::4,float32,"[[1024, 65536], 0, 256, 512]",216.9333333333333,23453.516000000007,0.009249501581482846,1.0,1.0
master-compatible,benchmark/test_narrow_copy.py::test_narrow_copy_perf::core::bfloat16::0,bfloat16,"[[64, 64], 0, 16, 32]",0.5580000000000003,25.81066666666666,0.021618968901746062,1.0,1.0
master-compatible,benchmark/test_narrow_copy.py::test_narrow_copy_perf::core::bfloat16::1,bfloat16,"[[256, 256], 0, 64, 128]",0.662,28.18133333333333,0.02349072672218017,1.0,1.0
master-compatible,benchmark/test_narrow_copy.py::test_narrow_copy_perf::core::bfloat16::2,bfloat16,"[[1024, 1024], 0, 256, 512]",4.358,328.3713333333333,0.013271560448841454,1.0,1.0
master-compatible,benchmark/test_narrow_copy.py::test_narrow_copy_perf::core::bfloat16::3,bfloat16,"[[4096, 4096], 0, 1024, 2048]",11.848,5116.912666666667,0.002315458709542173,1.0,1.0
master-compatible,benchmark/test_narrow_copy.py::test_narrow_copy_perf::core::bfloat16::4,bfloat16,"[[1024, 65536], 0, 256, 512]",103.67000000000002,20554.996666666677,0.005043542535237577,1.0,1.0
kg-no-profile,benchmark/test_narrow_copy.py::test_narrow_copy_perf::core::float16::0,float16,"[[64, 64], 0, 16, 32]",0.5606666666666669,2.442,0.22959322959322967,10.955500955500954,0.9677790563866513
kg-no-profile,benchmark/test_narrow_copy.py::test_narrow_copy_perf::core::float16::1,float16,"[[256, 256], 0, 64, 128]",0.6686666666666666,1.6380000000000003,0.40822140822140807,17.228734228734226,1.0080402010050247
kg-no-profile,benchmark/test_narrow_copy.py::test_narrow_copy_perf::core::float16::2,float16,"[[1024, 1024], 0, 256, 512]",4.316,3.9159999999999986,1.102145045965271,83.83401430030645,0.9852381677065893
kg-no-profile,benchmark/test_narrow_copy.py::test_narrow_copy_perf::core::float16::3,float16,"[[4096, 4096], 0, 1024, 2048]",11.623333333333333,39.010666666666665,0.2979526966983389,131.17267072253742,1.0749075215782982
kg-no-profile,benchmark/test_narrow_copy.py::test_narrow_copy_perf::core::float16::4,float16,"[[1024, 65536], 0, 256, 512]",93.95799999999998,153.90999999999997,0.610473653433825,133.55632512507322,0.9133308707739562
kg-no-profile,benchmark/test_narrow_copy.py::test_narrow_copy_perf::core::float32::0,float32,"[[64, 64], 0, 16, 32]",0.6786666666666665,1.2046666666666668,0.5633646928610956,23.69009407858328,1.0129353233830842
kg-no-profile,benchmark/test_narrow_copy.py::test_narrow_copy_perf::core::float32::1,float32,"[[256, 256], 0, 64, 128]",0.9086666666666668,1.7426666666666664,0.521423106350421,17.81981637337414,1.0286792452830191
kg-no-profile,benchmark/test_narrow_copy.py::test_narrow_copy_perf::core::float32::2,float32,"[[1024, 1024], 0, 256, 512]",4.735999999999999,6.504,0.7281672816728166,56.16400164001641,0.9944008958566628
kg-no-profile,benchmark/test_narrow_copy.py::test_narrow_copy_perf::core::float32::3,float32,"[[4096, 4096], 0, 1024, 2048]",18.37333333333333,76.77399999999999,0.23931712993113993,74.24509165429271,0.9960965736591006
kg-no-profile,benchmark/test_narrow_copy.py::test_narrow_copy_perf::core::float32::4,float32,"[[1024, 65536], 0, 256, 512]",219.25799999999995,310.22800000000007,0.706764057402942,75.60089998323815,1.010716041794714
kg-no-profile,benchmark/test_narrow_copy.py::test_narrow_copy_perf::core::bfloat16::0,bfloat16,"[[64, 64], 0, 16, 32]",0.5613333333333336,1.1806666666666668,0.4754376058723887,21.86109542631281,1.005973715651135
kg-no-profile,benchmark/test_narrow_copy.py::test_narrow_copy_perf::core::bfloat16::1,bfloat16,"[[256, 256], 0, 64, 128]",0.6686666666666666,1.6533333333333333,0.4044354838709677,17.045161290322582,1.010070493454179
kg-no-profile,benchmark/test_narrow_copy.py::test_narrow_copy_perf::core::bfloat16::2,bfloat16,"[[1024, 1024], 0, 256, 512]",4.380666666666667,3.858000000000001,1.135476067046829,85.11439433212371,1.0052011626128194
kg-no-profile,benchmark/test_narrow_copy.py::test_narrow_copy_perf::core::bfloat16::3,bfloat16,"[[4096, 4096], 0, 1024, 2048]",11.465333333333335,38.98400000000001,0.2941035638552568,131.2567378069635,0.9677020031510243
kg-no-profile,benchmark/test_narrow_copy.py::test_narrow_copy_perf::core::bfloat16::4,bfloat16,"[[1024, 65536], 0, 256, 512]",93.94533333333332,154.45266666666663,0.6082467552087156,133.08282149007906,0.9061959422526605
kg-profile,benchmark/test_narrow_copy.py::test_narrow_copy_perf::core::float16::0,float16,"[[64, 64], 0, 16, 32]",0.5780000000000002,2.4086666666666665,0.23996678660393034,11.107113202324937,0.9976985040276177
kg-profile,benchmark/test_narrow_copy.py::test_narrow_copy_perf::core::float16::1,float16,"[[256, 256], 0, 64, 128]",0.6613333333333333,1.476,0.4480578139114725,19.119692863595304,0.9969849246231154
kg-profile,benchmark/test_narrow_copy.py::test_narrow_copy_perf::core::float16::2,float16,"[[1024, 1024], 0, 256, 512]",4.400666666666667,2.579333333333333,1.7061256138537093,127.27862496769188,1.0045655151422919
kg-profile,benchmark/test_narrow_copy.py::test_narrow_copy_perf::core::float16::3,float16,"[[4096, 4096], 0, 1024, 2048]",10.694,10.538000000000002,1.014803568039476,485.58866325045847,0.988964241676942
kg-profile,benchmark/test_narrow_copy.py::test_narrow_copy_perf::core::float16::4,float16,"[[1024, 65536], 0, 256, 512]",79.75333333333333,72.55733333333335,1.0991767429894517,283.30222536660676,0.7752525743466117
kg-profile,benchmark/test_narrow_copy.py::test_narrow_copy_perf::core::float32::0,float32,"[[64, 64], 0, 16, 32]",0.6699999999999999,1.2333333333333332,0.5432432432432432,23.139459459459456,0.9999999999999999
kg-profile,benchmark/test_narrow_copy.py::test_narrow_copy_perf::core::float32::1,float32,"[[256, 256], 0, 64, 128]",0.8906666666666668,1.5413333333333332,0.577854671280277,20.14749134948097,1.008301886792453
kg-profile,benchmark/test_narrow_copy.py::test_narrow_copy_perf::core::float32::2,float32,"[[1024, 1024], 0, 256, 512]",4.692000000000002,3.0513333333333335,1.5376884422110557,119.71509722525673,0.9851623740201573
kg-profile,benchmark/test_narrow_copy.py::test_narrow_copy_perf::core::float32::3,float32,"[[4096, 4096], 0, 1024, 2048]",19.970000000000002,20.538000000000004,0.9723439478040704,277.53883857564836,1.0826586670521903
kg-profile,benchmark/test_narrow_copy.py::test_narrow_copy_perf::core::float32::4,float32,"[[1024, 65536], 0, 256, 512]",217.23799999999994,215.26066666666662,1.009185762378016,108.95402473280463,1.0014044253226795
kg-profile,benchmark/test_narrow_copy.py::test_narrow_copy_perf::core::bfloat16::0,bfloat16,"[[64, 64], 0, 16, 32]",0.5593333333333336,1.1946666666666663,0.4681919642857146,21.60491071428571,1.002389486260454
kg-profile,benchmark/test_narrow_copy.py::test_narrow_copy_perf::core::bfloat16::1,bfloat16,"[[256, 256], 0, 64, 128]",0.6593333333333334,1.4726666666666666,0.4477138976912631,19.136260751471255,0.9959718026183283
kg-profile,benchmark/test_narrow_copy.py::test_narrow_copy_perf::core::bfloat16::2,bfloat16,"[[1024, 1024], 0, 256, 512]",4.343999999999999,2.588666666666667,1.6780839557043519,126.84960082410505,0.9967875172097292
kg-profile,benchmark/test_narrow_copy.py::test_narrow_copy_perf::core::bfloat16::3,bfloat16,"[[4096, 4096], 0, 1024, 2048]",10.95933333333333,10.516,1.0421579814885251,486.5835552174465,0.9249943731712803
kg-profile,benchmark/test_narrow_copy.py::test_narrow_copy_perf::core::bfloat16::4,bfloat16,"[[1024, 65536], 0, 256, 512]",80.786,72.54733333333334,1.1135626395640545,283.3322152893285,0.779261117005884
optimized,benchmark/test_narrow_copy.py::test_narrow_copy_perf::core::float16::0,float16,"[[64, 64], 0, 16, 32]",0.5873333333333334,0.574,1.0232288037166086,46.60859465737514,1.0138089758342919
optimized,benchmark/test_narrow_copy.py::test_narrow_copy_perf::core::float16::1,float16,"[[256, 256], 0, 64, 128]",0.6786666666666665,0.6753333333333331,1.0049358341559724,41.78775913129321,1.0231155778894467
optimized,benchmark/test_narrow_copy.py::test_narrow_copy_perf::core::float16::2,float16,"[[1024, 1024], 0, 256, 512]",4.326666666666666,2.619333333333334,1.6518198014762022,125.33494527869682,0.9876731091158116
optimized,benchmark/test_narrow_copy.py::test_narrow_copy_perf::core::float16::3,float16,"[[4096, 4096], 0, 1024, 2048]",11.21133333333333,11.524666666666667,0.9728119396077974,444.01573436686516,1.0368064118372375
optimized,benchmark/test_narrow_copy.py::test_narrow_copy_perf::core::float16::4,float16,"[[1024, 65536], 0, 256, 512]",95.202,91.19866666666668,1.0438968405970845,225.39423821985716,0.9254233333981374
optimized,benchmark/test_narrow_copy.py::test_narrow_copy_perf::core::float32::0,float32,"[[64, 64], 0, 16, 32]",0.6866666666666669,0.676,1.01577909270217,42.21696252465482,1.0248756218905477
optimized,benchmark/test_narrow_copy.py::test_narrow_copy_perf::core::float32::1,float32,"[[256, 256], 0, 64, 128]",0.898666666666667,0.8939999999999999,1.0052199850857573,34.73601789709172,1.017358490566038
optimized,benchmark/test_narrow_copy.py::test_narrow_copy_perf::core::float32::2,float32,"[[1024, 1024], 0, 256, 512]",4.638,3.0879999999999996,1.5019430051813472,118.29360967184805,0.9738241881298993
optimized,benchmark/test_narrow_copy.py::test_narrow_copy_perf::core::float32::3,float32,"[[4096, 4096], 0, 1024, 2048]",18.64933333333333,20.815999999999992,0.8959133999487576,273.8322764540099,1.011059707965881
optimized,benchmark/test_narrow_copy.py::test_narrow_copy_perf::core::float32::4,float32,"[[1024, 65536], 0, 256, 512]",215.27533333333332,214.10399999999996,1.0054708615127852,109.54263348652997,0.9923570989551321
optimized,benchmark/test_narrow_copy.py::test_narrow_copy_perf::core::bfloat16::0,bfloat16,"[[64, 64], 0, 16, 32]",0.572,0.5726666666666667,0.9988358556461,45.071012805587884,1.0250896057347665
optimized,benchmark/test_narrow_copy.py::test_narrow_copy_perf::core::bfloat16::1,bfloat16,"[[256, 256], 0, 64, 128]",0.6746666666666666,0.6746666666666666,1.0,41.7707509881423,1.0191339375629405
optimized,benchmark/test_narrow_copy.py::test_narrow_copy_perf::core::bfloat16::2,bfloat16,"[[1024, 1024], 0, 256, 512]",4.318666666666668,2.6279999999999997,1.6433282597666166,124.95104008117708,0.9909744531130491
optimized,benchmark/test_narrow_copy.py::test_narrow_copy_perf::core::bfloat16::3,bfloat16,"[[4096, 4096], 0, 1024, 2048]",11.132666666666669,10.503333333333336,1.0599174865122185,487.1703586163122,0.9396241278415487
optimized,benchmark/test_narrow_copy.py::test_narrow_copy_perf::core::bfloat16::4,bfloat16,"[[1024, 65536], 0, 256, 512]",94.92000000000003,91.38466666666667,1.0386862858101653,224.92828848019738,0.9155975692099935
