版本,case_id,dtype,shape_detail,PyTorch_us,候选_us,相对PyTorch,相对master,PyTorch基线变化
master-compatible,benchmark/test_narrow_copy.py::test_narrow_copy_perf::core::float16::0,float16,"[[64, 64], 0, 16, 32]",0.5793333333333336,26.75333333333333,0.021654622476949926,1.0,1.0
master-compatible,benchmark/test_narrow_copy.py::test_narrow_copy_perf::core::float16::1,float16,"[[256, 256], 0, 64, 128]",0.6633333333333334,28.22066666666667,0.023505232571874046,1.0,1.0
master-compatible,benchmark/test_narrow_copy.py::test_narrow_copy_perf::core::float16::2,float16,"[[1024, 1024], 0, 256, 512]",4.380666666666667,328.2939999999999,0.013343730517970685,1.0,1.0
master-compatible,benchmark/test_narrow_copy.py::test_narrow_copy_perf::core::float16::3,float16,"[[4096, 4096], 0, 1024, 2048]",10.813333333333334,5117.133333333332,0.0021131623174433607,1.0,1.0
master-compatible,benchmark/test_narrow_copy.py::test_narrow_copy_perf::core::float16::4,float16,"[[1024, 65536], 0, 256, 512]",102.87400000000001,20555.654000000013,0.005004657112831337,1.0,1.0
master-compatible,benchmark/test_narrow_copy.py::test_narrow_copy_perf::core::float32::0,float32,"[[64, 64], 0, 16, 32]",0.67,28.53866666666666,0.02347692020183144,1.0,1.0
master-compatible,benchmark/test_narrow_copy.py::test_narrow_copy_perf::core::float32::1,float32,"[[256, 256], 0, 64, 128]",0.8833333333333334,31.054,0.028445074171872656,1.0,1.0
master-compatible,benchmark/test_narrow_copy.py::test_narrow_copy_perf::core::float32::2,float32,"[[1024, 1024], 0, 256, 512]",4.762666666666666,365.2906666666667,0.013038019038719846,1.0,1.0
master-compatible,benchmark/test_narrow_copy.py::test_narrow_copy_perf::core::float32::3,float32,"[[4096, 4096], 0, 1024, 2048]",18.445333333333334,5700.092666666667,0.003235970783632874,1.0,1.0
master-compatible,benchmark/test_narrow_copy.py::test_narrow_copy_perf::core::float32::4,float32,"[[1024, 65536], 0, 256, 512]",216.9333333333333,23453.516000000007,0.009249501581482846,1.0,1.0
master-compatible,benchmark/test_narrow_copy.py::test_narrow_copy_perf::core::bfloat16::0,bfloat16,"[[64, 64], 0, 16, 32]",0.5580000000000003,25.81066666666666,0.021618968901746062,1.0,1.0
master-compatible,benchmark/test_narrow_copy.py::test_narrow_copy_perf::core::bfloat16::1,bfloat16,"[[256, 256], 0, 64, 128]",0.662,28.18133333333333,0.02349072672218017,1.0,1.0
master-compatible,benchmark/test_narrow_copy.py::test_narrow_copy_perf::core::bfloat16::2,bfloat16,"[[1024, 1024], 0, 256, 512]",4.358,328.3713333333333,0.013271560448841454,1.0,1.0
master-compatible,benchmark/test_narrow_copy.py::test_narrow_copy_perf::core::bfloat16::3,bfloat16,"[[4096, 4096], 0, 1024, 2048]",11.848,5116.912666666667,0.002315458709542173,1.0,1.0
master-compatible,benchmark/test_narrow_copy.py::test_narrow_copy_perf::core::bfloat16::4,bfloat16,"[[1024, 65536], 0, 256, 512]",103.67000000000002,20554.996666666677,0.005043542535237577,1.0,1.0
triton-contiguous,benchmark/test_narrow_copy.py::test_narrow_copy_perf::core::float16::0,float16,"[[64, 64], 0, 16, 32]",0.5880000000000002,2.01,0.29253731343283595,13.31011608623549,1.0149597238204833
triton-contiguous,benchmark/test_narrow_copy.py::test_narrow_copy_perf::core::float16::1,float16,"[[256, 256], 0, 64, 128]",0.6586666666666667,2.344,0.2810011376564278,12.039533560864621,0.9929648241206029
triton-contiguous,benchmark/test_narrow_copy.py::test_narrow_copy_perf::core::float16::2,float16,"[[1024, 1024], 0, 256, 512]",4.374,5.816666666666666,0.7519770773638969,56.44022922636102,0.9984781616192357
triton-contiguous,benchmark/test_narrow_copy.py::test_narrow_copy_perf::core::float16::3,float16,"[[4096, 4096], 0, 1024, 2048]",11.640666666666668,20.313333333333333,0.5730554643912045,251.91007548408268,1.0765104808877928
triton-contiguous,benchmark/test_narrow_copy.py::test_narrow_copy_perf::core::float16::4,float16,"[[1024, 65536], 0, 256, 512]",99.96533333333335,97.96199999999997,1.020450106503883,209.8329352197793,0.9717259301021963
triton-contiguous,benchmark/test_narrow_copy.py::test_narrow_copy_perf::core::float32::0,float32,"[[64, 64], 0, 16, 32]",0.6920000000000002,1.1993333333333331,0.5769872151195111,23.79544191217343,1.0328358208955226
triton-contiguous,benchmark/test_narrow_copy.py::test_narrow_copy_perf::core::float32::1,float32,"[[256, 256], 0, 64, 128]",0.8766666666666666,2.2706666666666666,0.38608338226658834,13.67615971814445,0.992452830188679
triton-contiguous,benchmark/test_narrow_copy.py::test_narrow_copy_perf::core::float32::2,float32,"[[1024, 1024], 0, 256, 512]",4.708000000000001,6.040666666666667,0.7793841739322372,60.4719125924291,0.9885218365061594
triton-contiguous,benchmark/test_narrow_copy.py::test_narrow_copy_perf::core::float32::3,float32,"[[4096, 4096], 0, 1024, 2048]",18.94,21.363333333333333,0.8865657668903105,266.81663286004056,1.0268179846754373
triton-contiguous,benchmark/test_narrow_copy.py::test_narrow_copy_perf::core::float32::4,float32,"[[1024, 65536], 0, 256, 512]",217.93133333333333,231.15000000000003,0.9428134688874468,101.46448626433055,1.0046004917025202
triton-contiguous,benchmark/test_narrow_copy.py::test_narrow_copy_perf::core::bfloat16::0,bfloat16,"[[64, 64], 0, 16, 32]",0.5666666666666668,1.18,0.48022598870056515,21.873446327683613,1.015531660692951
triton-contiguous,benchmark/test_narrow_copy.py::test_narrow_copy_perf::core::bfloat16::1,bfloat16,"[[256, 256], 0, 64, 128]",0.6613333333333334,2.336666666666667,0.28302425106990015,12.060485021398001,0.9989929506545822
triton-contiguous,benchmark/test_narrow_copy.py::test_narrow_copy_perf::core::bfloat16::2,bfloat16,"[[1024, 1024], 0, 256, 512]",4.334666666666666,5.879999999999999,0.7371882086167801,55.84546485260772,0.9946458620162153
triton-contiguous,benchmark/test_narrow_copy.py::test_narrow_copy_perf::core::bfloat16::3,bfloat16,"[[4096, 4096], 0, 1024, 2048]",11.442666666666668,20.47266666666667,0.5589240939138362,249.93874759842387,0.9657888813864506
triton-contiguous,benchmark/test_narrow_copy.py::test_narrow_copy_perf::core::bfloat16::4,bfloat16,"[[1024, 65536], 0, 256, 512]",100.02400000000003,98.018,1.0204656287620644,209.70634645337265,0.9648307128388156
dma-triton-hybrid,benchmark/test_narrow_copy.py::test_narrow_copy_perf::core::float16::0,float16,"[[64, 64], 0, 16, 32]",0.6113333333333332,0.574,1.065040650406504,46.60859465737514,1.0552359033371683
dma-triton-hybrid,benchmark/test_narrow_copy.py::test_narrow_copy_perf::core::float16::1,float16,"[[256, 256], 0, 64, 128]",0.6799999999999998,0.6726666666666665,1.0109018830525272,41.953419226957394,1.025125628140703
dma-triton-hybrid,benchmark/test_narrow_copy.py::test_narrow_copy_perf::core::float16::2,float16,"[[1024, 1024], 0, 256, 512]",4.339333333333333,5.817999999999999,0.7458462243611781,56.427294602956344,0.9905646020392632
dma-triton-hybrid,benchmark/test_narrow_copy.py::test_narrow_copy_perf::core::float16::3,float16,"[[4096, 4096], 0, 1024, 2048]",11.433333333333334,20.311333333333334,0.5629041257754291,251.93488036235922,1.0573366214549937
dma-triton-hybrid,benchmark/test_narrow_copy.py::test_narrow_copy_perf::core::float16::4,float16,"[[1024, 65536], 0, 256, 512]",102.63600000000001,101.03866666666667,1.0158091291782685,203.44344079494334,0.9976864902696503
dma-triton-hybrid,benchmark/test_narrow_copy.py::test_narrow_copy_perf::core::float32::0,float32,"[[64, 64], 0, 16, 32]",0.6753333333333331,0.6973333333333334,0.9684512428298276,40.92543021032504,1.0079601990049747
dma-triton-hybrid,benchmark/test_narrow_copy.py::test_narrow_copy_perf::core::float32::1,float32,"[[256, 256], 0, 64, 128]",0.8926666666666666,0.8706666666666665,1.0252679938744258,35.66692189892803,1.010566037735849
dma-triton-hybrid,benchmark/test_narrow_copy.py::test_narrow_copy_perf::core::float32::2,float32,"[[1024, 1024], 0, 256, 512]",4.73,5.885999999999998,0.8036017669045196,62.06093555329032,0.9931410974244124
dma-triton-hybrid,benchmark/test_narrow_copy.py::test_narrow_copy_perf::core::float32::3,float32,"[[4096, 4096], 0, 1024, 2048]",19.08333333333333,21.09133333333334,0.904795018491007,270.2575781521636,1.0345886945207456
dma-triton-hybrid,benchmark/test_narrow_copy.py::test_narrow_copy_perf::core::float32::4,float32,"[[1024, 65536], 0, 256, 512]",217.1386666666667,221.41400000000002,0.9806907723389969,105.92607513526698,1.000946527350953
dma-triton-hybrid,benchmark/test_narrow_copy.py::test_narrow_copy_perf::core::bfloat16::0,bfloat16,"[[64, 64], 0, 16, 32]",0.5706666666666667,0.5766666666666665,0.9895953757225436,44.758381502890174,1.0227001194743126
dma-triton-hybrid,benchmark/test_narrow_copy.py::test_narrow_copy_perf::core::bfloat16::1,bfloat16,"[[256, 256], 0, 64, 128]",0.6759999999999999,0.6773333333333332,0.9980314960629921,41.60629921259843,1.0211480362537764
dma-triton-hybrid,benchmark/test_narrow_copy.py::test_narrow_copy_perf::core::bfloat16::2,bfloat16,"[[1024, 1024], 0, 256, 512]",4.343333333333333,5.836666666666669,0.7441462021701881,56.260079954311806,0.9966345418387639
dma-triton-hybrid,benchmark/test_narrow_copy.py::test_narrow_copy_perf::core::bfloat16::3,bfloat16,"[[4096, 4096], 0, 1024, 2048]",10.856666666666664,20.275333333333332,0.5354618090947949,252.37132147436952,0.9163290569435063
dma-triton-hybrid,benchmark/test_narrow_copy.py::test_narrow_copy_perf::core::bfloat16::4,bfloat16,"[[1024, 65536], 0, 256, 512]",105.28733333333328,102.03733333333336,1.031851087183775,201.4458433514531,1.0156007845406894
