Device_id,Model ID,Task ID,Stream ID,Op Name,OP Type,OP State,Task Type,Task Start Time(us),Task Duration(us),Task Wait Time(us),Block Num,Mix Block Num,HF32 Eligible,Input Shapes,Input Data Types,Input Formats,Output Shapes,Output Data Types,Output Formats,Context ID,aicore_time(us),aic_total_cycles,aic_mac_time(us),aic_mac_ratio,aic_scalar_time(us),aic_scalar_ratio,aic_mte1_time(us),aic_mte1_ratio,aic_mte2_time(us),aic_mte2_ratio,aic_fixpipe_time(us),aic_fixpipe_ratio,aic_icache_miss_rate,aiv_time(us),aiv_total_cycles,aiv_vec_time(us),aiv_vec_ratio,aiv_scalar_time(us),aiv_scalar_ratio,aiv_mte2_time(us),aiv_mte2_ratio,aiv_mte3_time(us),aiv_mte3_ratio,aiv_icache_miss_rate,cube_utilization(%)
7,4294967295,1,27,aclnnInplaceNormal_DSARandomNormal_DSARandomNormal,DSARandomNormal,dynamic,DSA_SQE,1791658011244124.875	,6313.680,0,0,0,NO,N/A,N/A,N/A,"""1024,65536""",FLOAT,ND,N/A,N/A,N/A,N/A,N/A,N/A,N/A,N/A,N/A,N/A,N/A,N/A,N/A,N/A,N/A,N/A,N/A,N/A,N/A,N/A,N/A,N/A,N/A,N/A,N/A,N/A
7,4294967295,3,27,aclnnInplaceNormal_DSARandomNormal_DSARandomNormal,DSARandomNormal,dynamic,DSA_SQE,1791658011250441.635	,6312.360,3.070000,0,0,NO,N/A,N/A,N/A,"""1024,65536""",FLOAT,ND,N/A,N/A,N/A,N/A,N/A,N/A,N/A,N/A,N/A,N/A,N/A,N/A,N/A,N/A,N/A,N/A,N/A,N/A,N/A,N/A,N/A,N/A,N/A,N/A,N/A,N/A
7,4294967295,4,27,narrow_copy_flat_kernel,narrow_copy_flat_kernel,static,AI_VECTOR_CORE,1791658011754966.575	,200.780,498212.390000,170,0,YES,"""1024,65536""",FLOAT,ND,"""512,65536""",FLOAT,ND,N/A,0.0,0,0.0,0.0,0.0,0.0,0.0,0.0,0.0,0.0,0.0,0.0,0.0,221.827,12444488,0.042,0.0,3.269,0.015,195.185,0.88,154.307,0.696,0.008,0.000
7,4294967295,5,27,narrow_copy_flat_kernel,narrow_copy_flat_kernel,static,AI_VECTOR_CORE,1791658011755167.375	,219.740,0.220000,170,0,YES,"""1024,65536""",FLOAT,ND,"""512,65536""",FLOAT,ND,N/A,0.0,0,0.0,0.0,0.0,0.0,0.0,0.0,0.0,0.0,0.0,0.0,0.0,241.265,13534984,0.042,0.0,3.035,0.013,226.114,0.937,148.045,0.614,0.0,0.000
7,4294967295,6,27,narrow_copy_flat_kernel,narrow_copy_flat_kernel,static,AI_VECTOR_CORE,1791658011755387.135	,216.120,0.010000,170,0,YES,"""1024,65536""",FLOAT,ND,"""512,65536""",FLOAT,ND,N/A,0.0,0,0.0,0.0,0.0,0.0,0.0,0.0,0.0,0.0,0.0,0.0,0.0,241.146,13528303,0.042,0.0,3.805,0.016,225.943,0.937,143.062,0.593,0.0,0.000
7,4294967295,7,27,narrow_copy_flat_kernel,narrow_copy_flat_kernel,static,AI_VECTOR_CORE,1791658011755603.275	,218.400,0.000000,170,0,YES,"""1024,65536""",FLOAT,ND,"""512,65536""",FLOAT,ND,N/A,0.0,0,0.0,0.0,0.0,0.0,0.0,0.0,0.0,0.0,0.0,0.0,0.0,240.495,13491759,0.042,0.0,4.103,0.017,227.001,0.944,139.644,0.581,0.0,0.000
7,4294967295,8,27,narrow_copy_flat_kernel,narrow_copy_flat_kernel,static,AI_VECTOR_CORE,1791658011755821.695	,218.120,0.100000,170,0,YES,"""1024,65536""",FLOAT,ND,"""512,65536""",FLOAT,ND,N/A,0.0,0,0.0,0.0,0.0,0.0,0.0,0.0,0.0,0.0,0.0,0.0,0.0,240.545,13494585,0.042,0.0,3.276,0.014,226.636,0.942,141.997,0.59,0.0,0.000
7,4294967295,9,27,narrow_copy_flat_kernel,narrow_copy_flat_kernel,static,AI_VECTOR_CORE,1791658011756039.835	,219.280,0.000000,170,0,YES,"""1024,65536""",FLOAT,ND,"""512,65536""",FLOAT,ND,N/A,0.0,0,0.0,0.0,0.0,0.0,0.0,0.0,0.0,0.0,0.0,0.0,0.0,241.189,13530680,0.042,0.0,3.239,0.013,227.308,0.942,143.684,0.596,0.0,0.000
7,4294967295,10,27,narrow_copy_flat_kernel,narrow_copy_flat_kernel,static,AI_VECTOR_CORE,1791658011756259.135	,219.280,0.220000,170,0,YES,"""1024,65536""",FLOAT,ND,"""512,65536""",FLOAT,ND,N/A,0.0,0,0.0,0.0,0.0,0.0,0.0,0.0,0.0,0.0,0.0,0.0,0.0,241.442,13544914,0.042,0.0,4.077,0.017,225.416,0.934,143.889,0.596,0.0,0.000
7,4294967295,11,27,narrow_copy_flat_kernel,narrow_copy_flat_kernel,static,AI_VECTOR_CORE,1791658011756478.435	,215.260,0.000000,170,0,YES,"""1024,65536""",FLOAT,ND,"""512,65536""",FLOAT,ND,N/A,0.0,0,0.0,0.0,0.0,0.0,0.0,0.0,0.0,0.0,0.0,0.0,0.0,240.558,13495305,0.042,0.0,3.563,0.015,226.282,0.941,142.915,0.594,0.0,0.000
7,4294967295,12,27,narrow_copy_flat_kernel,narrow_copy_flat_kernel,static,AI_VECTOR_CORE,1791658011756693.715	,219.120,0.000000,170,0,YES,"""1024,65536""",FLOAT,ND,"""512,65536""",FLOAT,ND,N/A,0.0,0,0.0,0.0,0.0,0.0,0.0,0.0,0.0,0.0,0.0,0.0,0.0,240.947,13517101,0.042,0.0,3.471,0.014,225.693,0.937,143.821,0.597,0.0,0.000
7,4294967295,13,27,narrow_copy_flat_kernel,narrow_copy_flat_kernel,static,AI_VECTOR_CORE,1791658011756912.855	,219.700,0.000000,170,0,YES,"""1024,65536""",FLOAT,ND,"""512,65536""",FLOAT,ND,N/A,0.0,0,0.0,0.0,0.0,0.0,0.0,0.0,0.0,0.0,0.0,0.0,0.0,241.822,13566187,0.042,0.0,3.402,0.014,227.864,0.942,144.594,0.598,0.0,0.000
7,4294967295,14,27,narrow_copy_flat_kernel,narrow_copy_flat_kernel,static,AI_VECTOR_CORE,1791658011757453.755	,225.240,321.300000,170,0,YES,"""1024,65536""",FLOAT,ND,"""512,65536""",FLOAT,ND,N/A,0.0,0,0.0,0.0,0.0,0.0,0.0,0.0,0.0,0.0,0.0,0.0,0.0,251.137,14088777,0.042,0.0,2.95,0.012,238.011,0.948,138.708,0.552,0.0,0.000
7,4294967295,15,27,narrow_copy_flat_kernel,narrow_copy_flat_kernel,static,AI_VECTOR_CORE,1791658011757679.035	,216.940,0.010000,170,0,YES,"""1024,65536""",FLOAT,ND,"""512,65536""",FLOAT,ND,N/A,0.0,0,0.0,0.0,0.0,0.0,0.0,0.0,0.0,0.0,0.0,0.0,0.0,240.198,13475122,0.042,0.0,3.111,0.013,225.897,0.94,141.318,0.588,0.0,0.000
7,4294967295,16,27,narrow_copy_flat_kernel,narrow_copy_flat_kernel,static,AI_VECTOR_CORE,1791658011757896.015	,218.800,0.060000,170,0,YES,"""1024,65536""",FLOAT,ND,"""512,65536""",FLOAT,ND,N/A,0.0,0,0.0,0.0,0.0,0.0,0.0,0.0,0.0,0.0,0.0,0.0,0.0,241.412,13543241,0.042,0.0,2.937,0.012,225.211,0.933,141.084,0.584,0.0,0.000
7,4294967295,17,27,narrow_copy_flat_kernel,narrow_copy_flat_kernel,static,AI_VECTOR_CORE,1791658011758114.835	,219.420,0.000000,170,0,YES,"""1024,65536""",FLOAT,ND,"""512,65536""",FLOAT,ND,N/A,0.0,0,0.0,0.0,0.0,0.0,0.0,0.0,0.0,0.0,0.0,0.0,0.0,242.084,13580904,0.042,0.0,5.432,0.022,223.289,0.922,147.48,0.609,0.0,0.000
7,4294967295,18,27,narrow_copy_flat_kernel,narrow_copy_flat_kernel,static,AI_VECTOR_CORE,1791658011758334.275	,218.940,0.080000,170,0,YES,"""1024,65536""",FLOAT,ND,"""512,65536""",FLOAT,ND,N/A,0.0,0,0.0,0.0,0.0,0.0,0.0,0.0,0.0,0.0,0.0,0.0,0.0,240.893,13514110,0.042,0.0,6.176,0.026,222.331,0.923,140.463,0.583,0.0,0.000
7,4294967295,19,27,narrow_copy_flat_kernel,narrow_copy_flat_kernel,static,AI_VECTOR_CORE,1791658011758553.235	,218.020,0.060000,170,0,YES,"""1024,65536""",FLOAT,ND,"""512,65536""",FLOAT,ND,N/A,0.0,0,0.0,0.0,0.0,0.0,0.0,0.0,0.0,0.0,0.0,0.0,0.0,241.292,13536481,0.042,0.0,2.93,0.012,224.701,0.931,143.937,0.597,0.0,0.000
7,4294967295,20,27,narrow_copy_flat_kernel,narrow_copy_flat_kernel,static,AI_VECTOR_CORE,1791658011758771.275	,218.800,0.000000,170,0,YES,"""1024,65536""",FLOAT,ND,"""512,65536""",FLOAT,ND,N/A,0.0,0,0.0,0.0,0.0,0.0,0.0,0.0,0.0,0.0,0.0,0.0,0.0,240.552,13494974,0.042,0.0,2.683,0.011,225.793,0.939,145.719,0.606,0.0,0.000
7,4294967295,21,27,narrow_copy_flat_kernel,narrow_copy_flat_kernel,static,AI_VECTOR_CORE,1791658011758990.115	,219.860,0.000000,170,0,YES,"""1024,65536""",FLOAT,ND,"""512,65536""",FLOAT,ND,N/A,0.0,0,0.0,0.0,0.0,0.0,0.0,0.0,0.0,0.0,0.0,0.0,0.0,241.253,13534274,0.042,0.0,5.779,0.024,222.946,0.924,140.146,0.581,0.0,0.000
7,4294967295,22,27,narrow_copy_flat_kernel,narrow_copy_flat_kernel,static,AI_VECTOR_CORE,1791658011759209.995	,218.980,0.140000,170,0,YES,"""1024,65536""",FLOAT,ND,"""512,65536""",FLOAT,ND,N/A,0.0,0,0.0,0.0,0.0,0.0,0.0,0.0,0.0,0.0,0.0,0.0,0.0,241.508,13548617,0.042,0.0,5.522,0.023,224.218,0.928,141.448,0.586,0.0,0.000
7,4294967295,23,27,narrow_copy_flat_kernel,narrow_copy_flat_kernel,static,AI_VECTOR_CORE,1791658011759428.995	,218.460,0.020000,170,0,YES,"""1024,65536""",FLOAT,ND,"""512,65536""",FLOAT,ND,N/A,0.0,0,0.0,0.0,0.0,0.0,0.0,0.0,0.0,0.0,0.0,0.0,0.0,240.771,13507258,0.042,0.0,2.972,0.012,224.218,0.931,145.259,0.603,0.0,0.000
7,4294967295,24,27,narrow_copy_flat_kernel,narrow_copy_flat_kernel,static,AI_VECTOR_CORE,1791658011759647.475	,218.320,0.040000,170,0,YES,"""1024,65536""",FLOAT,ND,"""512,65536""",FLOAT,ND,N/A,0.0,0,0.0,0.0,0.0,0.0,0.0,0.0,0.0,0.0,0.0,0.0,0.0,241.137,13527767,0.042,0.0,2.975,0.012,224.606,0.931,142.934,0.593,0.0,0.000
7,4294967295,25,27,narrow_copy_flat_kernel,narrow_copy_flat_kernel,static,AI_VECTOR_CORE,1791658011759865.815	,218.160,0.000000,170,0,YES,"""1024,65536""",FLOAT,ND,"""512,65536""",FLOAT,ND,N/A,0.0,0,0.0,0.0,0.0,0.0,0.0,0.0,0.0,0.0,0.0,0.0,0.0,240.399,13486357,0.042,0.0,2.74,0.011,223.518,0.93,148.255,0.617,0.0,0.000
7,4294967295,26,27,narrow_copy_flat_kernel,narrow_copy_flat_kernel,static,AI_VECTOR_CORE,1791658011760083.995	,218.840,0.090000,170,0,YES,"""1024,65536""",FLOAT,ND,"""512,65536""",FLOAT,ND,N/A,0.0,0,0.0,0.0,0.0,0.0,0.0,0.0,0.0,0.0,0.0,0.0,0.0,240.407,13486822,0.042,0.0,2.869,0.012,224.048,0.932,144.68,0.602,0.0,0.000
7,4294967295,27,27,narrow_copy_flat_kernel,narrow_copy_flat_kernel,static,AI_VECTOR_CORE,1791658011760302.855	,218.860,0.000000,170,0,YES,"""1024,65536""",FLOAT,ND,"""512,65536""",FLOAT,ND,N/A,0.0,0,0.0,0.0,0.0,0.0,0.0,0.0,0.0,0.0,0.0,0.0,0.0,241.397,13542365,0.042,0.0,3.006,0.012,225.445,0.934,143.664,0.595,0.0,0.000
7,4294967295,28,27,narrow_copy_flat_kernel,narrow_copy_flat_kernel,static,AI_VECTOR_CORE,1791658011760521.735	,217.820,0.140000,170,0,YES,"""1024,65536""",FLOAT,ND,"""512,65536""",FLOAT,ND,N/A,0.0,0,0.0,0.0,0.0,0.0,0.0,0.0,0.0,0.0,0.0,0.0,0.0,240.313,13481533,0.042,0.0,2.799,0.012,225.01,0.936,141.642,0.589,0.0,0.000
7,4294967295,29,27,narrow_copy_flat_kernel,narrow_copy_flat_kernel,static,AI_VECTOR_CORE,1791658011760739.575	,219.000,0.000000,170,0,YES,"""1024,65536""",FLOAT,ND,"""512,65536""",FLOAT,ND,N/A,0.0,0,0.0,0.0,0.0,0.0,0.0,0.0,0.0,0.0,0.0,0.0,0.0,240.969,13518341,0.042,0.0,2.668,0.011,224.078,0.93,141.702,0.588,0.0,0.000
7,4294967295,30,27,narrow_copy_flat_kernel,narrow_copy_flat_kernel,static,AI_VECTOR_CORE,1791658011760958.595	,217.720,0.000000,170,0,YES,"""1024,65536""",FLOAT,ND,"""512,65536""",FLOAT,ND,N/A,0.0,0,0.0,0.0,0.0,0.0,0.0,0.0,0.0,0.0,0.0,0.0,0.0,241.429,13544173,0.042,0.0,3.125,0.013,224.981,0.932,146.418,0.606,0.0,0.000
7,4294967295,31,27,narrow_copy_flat_kernel,narrow_copy_flat_kernel,static,AI_VECTOR_CORE,1791658011761176.335	,219.120,0.030000,170,0,YES,"""1024,65536""",FLOAT,ND,"""512,65536""",FLOAT,ND,N/A,0.0,0,0.0,0.0,0.0,0.0,0.0,0.0,0.0,0.0,0.0,0.0,0.0,241.26,13534664,0.042,0.0,2.777,0.012,225.089,0.933,145.713,0.604,0.0,0.000
7,4294967295,32,27,narrow_copy_flat_kernel,narrow_copy_flat_kernel,static,AI_VECTOR_CORE,1791658011761395.475	,218.600,0.130000,170,0,YES,"""1024,65536""",FLOAT,ND,"""512,65536""",FLOAT,ND,N/A,0.0,0,0.0,0.0,0.0,0.0,0.0,0.0,0.0,0.0,0.0,0.0,0.0,240.925,13515905,0.042,0.0,3.13,0.013,225.509,0.936,141.77,0.588,0.0,0.000
7,4294967295,33,27,narrow_copy_flat_kernel,narrow_copy_flat_kernel,static,AI_VECTOR_CORE,1791658011761614.095	,218.960,0.000000,170,0,YES,"""1024,65536""",FLOAT,ND,"""512,65536""",FLOAT,ND,N/A,0.0,0,0.0,0.0,0.0,0.0,0.0,0.0,0.0,0.0,0.0,0.0,0.0,240.869,13512750,0.042,0.0,4.425,0.018,223.646,0.928,139.869,0.581,0.0,0.000
7,4294967295,34,27,narrow_copy_flat_kernel,narrow_copy_flat_kernel,static,AI_VECTOR_CORE,1791658011761833.075	,218.460,0.040000,170,0,YES,"""1024,65536""",FLOAT,ND,"""512,65536""",FLOAT,ND,N/A,0.0,0,0.0,0.0,0.0,0.0,0.0,0.0,0.0,0.0,0.0,0.0,0.0,240.903,13514664,0.042,0.0,4.96,0.021,223.158,0.926,141.999,0.589,0.0,0.000
7,4294967295,35,27,narrow_copy_flat_kernel,narrow_copy_flat_kernel,static,AI_VECTOR_CORE,1791658011762051.575	,217.860,0.040000,170,0,YES,"""1024,65536""",FLOAT,ND,"""512,65536""",FLOAT,ND,N/A,0.0,0,0.0,0.0,0.0,0.0,0.0,0.0,0.0,0.0,0.0,0.0,0.0,241.223,13532629,0.042,0.0,3.039,0.013,224.245,0.93,147.877,0.613,0.0,0.000
7,4294967295,36,27,narrow_copy_flat_kernel,narrow_copy_flat_kernel,static,AI_VECTOR_CORE,1791658011762269.455	,218.460,0.140000,170,0,YES,"""1024,65536""",FLOAT,ND,"""512,65536""",FLOAT,ND,N/A,0.0,0,0.0,0.0,0.0,0.0,0.0,0.0,0.0,0.0,0.0,0.0,0.0,240.802,13508982,0.042,0.0,2.978,0.012,223.361,0.928,143.127,0.594,0.0,0.000
7,4294967295,37,27,narrow_copy_flat_kernel,narrow_copy_flat_kernel,static,AI_VECTOR_CORE,1791658011762487.935	,219.060,0.040000,170,0,YES,"""1024,65536""",FLOAT,ND,"""512,65536""",FLOAT,ND,N/A,0.0,0,0.0,0.0,0.0,0.0,0.0,0.0,0.0,0.0,0.0,0.0,0.0,241.691,13558853,0.042,0.0,5.224,0.022,223.925,0.926,142.155,0.588,0.0,0.000
7,4294967295,38,27,narrow_copy_flat_kernel,narrow_copy_flat_kernel,static,AI_VECTOR_CORE,1791658011762707.015	,219.160,0.000000,170,0,YES,"""1024,65536""",FLOAT,ND,"""512,65536""",FLOAT,ND,N/A,0.0,0,0.0,0.0,0.0,0.0,0.0,0.0,0.0,0.0,0.0,0.0,0.0,241.058,13523329,0.042,0.0,5.525,0.023,223.185,0.926,141.289,0.586,0.0,0.000
7,4294967295,39,27,narrow_copy_flat_kernel,narrow_copy_flat_kernel,static,AI_VECTOR_CORE,1791658011762926.195	,216.200,0.090000,170,0,YES,"""1024,65536""",FLOAT,ND,"""512,65536""",FLOAT,ND,N/A,0.0,0,0.0,0.0,0.0,0.0,0.0,0.0,0.0,0.0,0.0,0.0,0.0,240.757,13506461,0.042,0.0,3.107,0.013,224.244,0.931,146.223,0.607,0.0,0.000
7,4294967295,40,27,narrow_copy_flat_kernel,narrow_copy_flat_kernel,static,AI_VECTOR_CORE,1791658011763142.415	,217.840,0.050000,170,0,YES,"""1024,65536""",FLOAT,ND,"""512,65536""",FLOAT,ND,N/A,0.0,0,0.0,0.0,0.0,0.0,0.0,0.0,0.0,0.0,0.0,0.0,0.0,240.635,13499618,0.042,0.0,2.865,0.012,223.705,0.93,145.677,0.605,0.0,0.000
7,4294967295,41,27,narrow_copy_flat_kernel,narrow_copy_flat_kernel,static,AI_VECTOR_CORE,1791658011763360.275	,219.160,0.000000,170,0,YES,"""1024,65536""",FLOAT,ND,"""512,65536""",FLOAT,ND,N/A,0.0,0,0.0,0.0,0.0,0.0,0.0,0.0,0.0,0.0,0.0,0.0,0.0,240.657,13500866,0.042,0.0,2.984,0.012,224.627,0.933,142.712,0.593,0.0,0.000
7,4294967295,42,27,narrow_copy_flat_kernel,narrow_copy_flat_kernel,static,AI_VECTOR_CORE,1791658011763579.455	,218.920,0.090000,170,0,YES,"""1024,65536""",FLOAT,ND,"""512,65536""",FLOAT,ND,N/A,0.0,0,0.0,0.0,0.0,0.0,0.0,0.0,0.0,0.0,0.0,0.0,0.0,240.928,13516054,0.042,0.0,3.15,0.013,224.804,0.933,144.314,0.599,0.0,0.000
7,4294967295,43,27,narrow_copy_flat_kernel,narrow_copy_flat_kernel,static,AI_VECTOR_CORE,1791658011763798.415	,218.480,0.080000,170,0,YES,"""1024,65536""",FLOAT,ND,"""512,65536""",FLOAT,ND,N/A,0.0,0,0.0,0.0,0.0,0.0,0.0,0.0,0.0,0.0,0.0,0.0,0.0,241.226,13532754,0.042,0.0,3.093,0.013,225.074,0.933,146.528,0.607,0.0,0.000
7,4294967295,44,27,narrow_copy_flat_kernel,narrow_copy_flat_kernel,static,AI_VECTOR_CORE,1791658011764016.935	,219.180,0.020000,170,0,YES,"""1024,65536""",FLOAT,ND,"""512,65536""",FLOAT,ND,N/A,0.0,0,0.0,0.0,0.0,0.0,0.0,0.0,0.0,0.0,0.0,0.0,0.0,241.326,13538398,0.042,0.0,3.39,0.014,223.306,0.925,150.136,0.622,0.0,0.000
7,4294967295,45,27,narrow_copy_flat_kernel,narrow_copy_flat_kernel,static,AI_VECTOR_CORE,1791658011764236.135	,219.500,0.070000,170,0,YES,"""1024,65536""",FLOAT,ND,"""512,65536""",FLOAT,ND,N/A,0.0,0,0.0,0.0,0.0,0.0,0.0,0.0,0.0,0.0,0.0,0.0,0.0,241.807,13565381,0.042,0.0,2.887,0.012,225.871,0.934,146.68,0.607,0.0,0.000
7,4294967295,46,27,narrow_copy_flat_kernel,narrow_copy_flat_kernel,static,AI_VECTOR_CORE,1791658011764455.675	,218.760,0.000000,170,0,YES,"""1024,65536""",FLOAT,ND,"""512,65536""",FLOAT,ND,N/A,0.0,0,0.0,0.0,0.0,0.0,0.0,0.0,0.0,0.0,0.0,0.0,0.0,241.322,13538153,0.042,0.0,3.025,0.013,226.125,0.937,146.925,0.609,0.0,0.000
7,4294967295,47,27,narrow_copy_flat_kernel,narrow_copy_flat_kernel,static,AI_VECTOR_CORE,1791658011764674.455	,217.880,0.000000,170,0,YES,"""1024,65536""",FLOAT,ND,"""512,65536""",FLOAT,ND,N/A,0.0,0,0.0,0.0,0.0,0.0,0.0,0.0,0.0,0.0,0.0,0.0,0.0,240.708,13503725,0.042,0.0,3.143,0.013,223.942,0.93,144.493,0.6,0.0,0.000
7,4294967295,48,27,narrow_copy_flat_kernel,narrow_copy_flat_kernel,static,AI_VECTOR_CORE,1791658011764892.355	,220.100,0.000000,170,0,YES,"""1024,65536""",FLOAT,ND,"""512,65536""",FLOAT,ND,N/A,0.0,0,0.0,0.0,0.0,0.0,0.0,0.0,0.0,0.0,0.0,0.0,0.0,242.352,13595953,0.042,0.0,5.888,0.024,222.909,0.92,143.083,0.59,0.0,0.000
7,4294967295,49,27,narrow_copy_flat_kernel,narrow_copy_flat_kernel,static,AI_VECTOR_CORE,1791658011765112.475	,218.680,0.150000,170,0,YES,"""1024,65536""",FLOAT,ND,"""512,65536""",FLOAT,ND,N/A,0.0,0,0.0,0.0,0.0,0.0,0.0,0.0,0.0,0.0,0.0,0.0,0.0,241.127,13527202,0.042,0.0,2.795,0.012,225.357,0.935,140.769,0.584,0.0,0.000
7,4294967295,50,27,narrow_copy_flat_kernel,narrow_copy_flat_kernel,static,AI_VECTOR_CORE,1791658011765331.175	,218.260,0.070000,170,0,YES,"""1024,65536""",FLOAT,ND,"""512,65536""",FLOAT,ND,N/A,0.0,0,0.0,0.0,0.0,0.0,0.0,0.0,0.0,0.0,0.0,0.0,0.0,241.632,13555559,0.042,0.0,3.138,0.013,224.206,0.928,143.596,0.594,0.0,0.000
7,4294967295,51,27,narrow_copy_flat_kernel,narrow_copy_flat_kernel,static,AI_VECTOR_CORE,1791658011765549.455	,218.680,0.000000,170,0,YES,"""1024,65536""",FLOAT,ND,"""512,65536""",FLOAT,ND,N/A,0.0,0,0.0,0.0,0.0,0.0,0.0,0.0,0.0,0.0,0.0,0.0,0.0,241.123,13526975,0.042,0.0,5.191,0.022,224.914,0.933,143.255,0.594,0.0,0.000
7,4294967295,52,27,narrow_copy_flat_kernel,narrow_copy_flat_kernel,static,AI_VECTOR_CORE,1791658011765768.175	,219.600,0.070000,170,0,YES,"""1024,65536""",FLOAT,ND,"""512,65536""",FLOAT,ND,N/A,0.0,0,0.0,0.0,0.0,0.0,0.0,0.0,0.0,0.0,0.0,0.0,0.0,241.635,13555727,0.042,0.0,5.66,0.023,223.5,0.925,144.959,0.6,0.0,0.000
7,4294967295,53,27,narrow_copy_flat_kernel,narrow_copy_flat_kernel,static,AI_VECTOR_CORE,1791658011765987.795	,219.400,0.000000,170,0,YES,"""1024,65536""",FLOAT,ND,"""512,65536""",FLOAT,ND,N/A,0.0,0,0.0,0.0,0.0,0.0,0.0,0.0,0.0,0.0,0.0,0.0,0.0,241.679,13558192,0.042,0.0,2.883,0.012,225.542,0.933,144.162,0.597,0.0,0.000
7,4294967295,54,27,narrow_copy_flat_kernel,narrow_copy_flat_kernel,static,AI_VECTOR_CORE,1791658011766207.215	,218.320,0.100000,170,0,YES,"""1024,65536""",FLOAT,ND,"""512,65536""",FLOAT,ND,N/A,0.0,0,0.0,0.0,0.0,0.0,0.0,0.0,0.0,0.0,0.0,0.0,0.0,239.936,13460397,0.042,0.0,3.001,0.013,222.651,0.928,144.894,0.604,0.0,0.000
7,4294967295,55,27,narrow_copy_flat_kernel,narrow_copy_flat_kernel,static,AI_VECTOR_CORE,1791658011766425.555	,218.740,0.000000,170,0,YES,"""1024,65536""",FLOAT,ND,"""512,65536""",FLOAT,ND,N/A,0.0,0,0.0,0.0,0.0,0.0,0.0,0.0,0.0,0.0,0.0,0.0,0.0,241.035,13522087,0.042,0.0,5.508,0.023,223.345,0.927,140.354,0.582,0.0,0.000
7,4294967295,56,27,narrow_copy_flat_kernel,narrow_copy_flat_kernel,static,AI_VECTOR_CORE,1791658011766644.315	,218.420,0.010000,170,0,YES,"""1024,65536""",FLOAT,ND,"""512,65536""",FLOAT,ND,N/A,0.0,0,0.0,0.0,0.0,0.0,0.0,0.0,0.0,0.0,0.0,0.0,0.0,240.759,13506573,0.042,0.0,2.819,0.012,224.101,0.931,142.349,0.591,0.0,0.000
7,4294967295,57,27,narrow_copy_flat_kernel,narrow_copy_flat_kernel,static,AI_VECTOR_CORE,1791658011766862.755	,219.040,0.080000,170,0,YES,"""1024,65536""",FLOAT,ND,"""512,65536""",FLOAT,ND,N/A,0.0,0,0.0,0.0,0.0,0.0,0.0,0.0,0.0,0.0,0.0,0.0,0.0,240.317,13481787,0.042,0.0,2.831,0.012,224.919,0.936,140.305,0.584,0.0,0.000
7,4294967295,58,27,narrow_copy_flat_kernel,narrow_copy_flat_kernel,static,AI_VECTOR_CORE,1791658011767081.835	,218.720,0.000000,170,0,YES,"""1024,65536""",FLOAT,ND,"""512,65536""",FLOAT,ND,N/A,0.0,0,0.0,0.0,0.0,0.0,0.0,0.0,0.0,0.0,0.0,0.0,0.0,241.669,13557630,0.042,0.0,3.132,0.013,226.013,0.935,141.95,0.587,0.0,0.000
7,4294967295,59,27,narrow_copy_flat_kernel,narrow_copy_flat_kernel,static,AI_VECTOR_CORE,1791658011767300.575	,218.380,0.030000,170,0,YES,"""1024,65536""",FLOAT,ND,"""512,65536""",FLOAT,ND,N/A,0.0,0,0.0,0.0,0.0,0.0,0.0,0.0,0.0,0.0,0.0,0.0,0.0,240.71,13503851,0.042,0.0,2.981,0.012,225.286,0.936,141.1,0.586,0.0,0.000
7,4294967295,60,27,narrow_copy_flat_kernel,narrow_copy_flat_kernel,static,AI_VECTOR_CORE,1791658011767518.975	,217.980,0.120000,170,0,YES,"""1024,65536""",FLOAT,ND,"""512,65536""",FLOAT,ND,N/A,0.0,0,0.0,0.0,0.0,0.0,0.0,0.0,0.0,0.0,0.0,0.0,0.0,240.846,13511473,0.042,0.0,2.876,0.012,223.293,0.927,149.201,0.619,0.0,0.000
7,4294967295,61,27,narrow_copy_flat_kernel,narrow_copy_flat_kernel,static,AI_VECTOR_CORE,1791658011767736.975	,219.080,0.020000,170,0,YES,"""1024,65536""",FLOAT,ND,"""512,65536""",FLOAT,ND,N/A,0.0,0,0.0,0.0,0.0,0.0,0.0,0.0,0.0,0.0,0.0,0.0,0.0,241.023,13521398,0.042,0.0,2.864,0.012,224.23,0.93,145.374,0.603,0.0,0.000
7,4294967295,62,27,narrow_copy_flat_kernel,narrow_copy_flat_kernel,static,AI_VECTOR_CORE,1791658011767956.075	,219.000,0.000000,170,0,YES,"""1024,65536""",FLOAT,ND,"""512,65536""",FLOAT,ND,N/A,0.0,0,0.0,0.0,0.0,0.0,0.0,0.0,0.0,0.0,0.0,0.0,0.0,241.671,13557750,0.042,0.0,2.977,0.012,225.034,0.931,148.377,0.614,0.0,0.000
7,4294967295,63,27,narrow_copy_flat_kernel,narrow_copy_flat_kernel,static,AI_VECTOR_CORE,1791658011768175.095	,217.280,0.000000,170,0,YES,"""1024,65536""",FLOAT,ND,"""512,65536""",FLOAT,ND,N/A,0.0,0,0.0,0.0,0.0,0.0,0.0,0.0,0.0,0.0,0.0,0.0,0.0,240.349,13483578,0.042,0.0,3.105,0.013,223.946,0.932,144.213,0.6,0.0,0.000
7,4294967295,64,27,narrow_copy_flat_kernel,narrow_copy_flat_kernel,static,AI_VECTOR_CORE,1791658011768392.415	,218.780,0.220000,170,0,YES,"""1024,65536""",FLOAT,ND,"""512,65536""",FLOAT,ND,N/A,0.0,0,0.0,0.0,0.0,0.0,0.0,0.0,0.0,0.0,0.0,0.0,0.0,241.064,13523663,0.042,0.0,5.396,0.022,224.16,0.93,139.407,0.578,0.0,0.000
7,4294967295,65,27,narrow_copy_flat_kernel,narrow_copy_flat_kernel,static,AI_VECTOR_CORE,1791658011768611.235	,218.120,0.000000,170,0,YES,"""1024,65536""",FLOAT,ND,"""512,65536""",FLOAT,ND,N/A,0.0,0,0.0,0.0,0.0,0.0,0.0,0.0,0.0,0.0,0.0,0.0,0.0,241.023,13521380,0.042,0.0,3.2,0.013,225.576,0.936,147.073,0.61,0.0,0.000
7,4294967295,66,27,narrow_copy_flat_kernel,narrow_copy_flat_kernel,static,AI_VECTOR_CORE,1791658011768829.375	,219.160,0.130000,170,0,YES,"""1024,65536""",FLOAT,ND,"""512,65536""",FLOAT,ND,N/A,0.0,0,0.0,0.0,0.0,0.0,0.0,0.0,0.0,0.0,0.0,0.0,0.0,241.453,13545522,0.042,0.0,3.535,0.015,225.144,0.932,146.865,0.608,0.0,0.000
7,4294967295,67,27,narrow_copy_flat_kernel,narrow_copy_flat_kernel,static,AI_VECTOR_CORE,1791658011769048.555	,218.780,0.000000,170,0,YES,"""1024,65536""",FLOAT,ND,"""512,65536""",FLOAT,ND,N/A,0.0,0,0.0,0.0,0.0,0.0,0.0,0.0,0.0,0.0,0.0,0.0,0.0,240.616,13498535,0.042,0.0,4.809,0.02,223.072,0.927,145.159,0.603,0.0,0.000
7,4294967295,68,27,narrow_copy_flat_kernel,narrow_copy_flat_kernel,static,AI_VECTOR_CORE,1791658011769267.355	,218.860,0.000000,170,0,YES,"""1024,65536""",FLOAT,ND,"""512,65536""",FLOAT,ND,N/A,0.0,0,0.0,0.0,0.0,0.0,0.0,0.0,0.0,0.0,0.0,0.0,0.0,242.343,13595463,0.042,0.0,5.645,0.023,223.544,0.922,142.156,0.587,0.0,0.000
7,4294967295,69,27,narrow_copy_flat_kernel,narrow_copy_flat_kernel,static,AI_VECTOR_CORE,1791658011769486.235	,216.000,0.140000,170,0,YES,"""1024,65536""",FLOAT,ND,"""512,65536""",FLOAT,ND,N/A,0.0,0,0.0,0.0,0.0,0.0,0.0,0.0,0.0,0.0,0.0,0.0,0.0,240.489,13491436,0.042,0.0,3.195,0.013,224.401,0.933,142.527,0.593,0.0,0.000
7,4294967295,70,27,narrow_copy_flat_kernel,narrow_copy_flat_kernel,static,AI_VECTOR_CORE,1791658011769702.255	,218.260,0.000000,170,0,YES,"""1024,65536""",FLOAT,ND,"""512,65536""",FLOAT,ND,N/A,0.0,0,0.0,0.0,0.0,0.0,0.0,0.0,0.0,0.0,0.0,0.0,0.0,240.425,13487839,0.042,0.0,3.416,0.014,225.362,0.937,145.094,0.603,0.0,0.000
7,4294967295,71,27,narrow_copy_flat_kernel,narrow_copy_flat_kernel,static,AI_VECTOR_CORE,1791658011769920.535	,218.760,0.000000,170,0,YES,"""1024,65536""",FLOAT,ND,"""512,65536""",FLOAT,ND,N/A,0.0,0,0.0,0.0,0.0,0.0,0.0,0.0,0.0,0.0,0.0,0.0,0.0,241.478,13546923,0.042,0.0,5.609,0.023,224.65,0.93,138.687,0.574,0.0,0.000
7,4294967295,72,27,narrow_copy_flat_kernel,narrow_copy_flat_kernel,static,AI_VECTOR_CORE,1791658011770139.315	,218.080,0.000000,170,0,YES,"""1024,65536""",FLOAT,ND,"""512,65536""",FLOAT,ND,N/A,0.0,0,0.0,0.0,0.0,0.0,0.0,0.0,0.0,0.0,0.0,0.0,0.0,240.789,13508282,0.042,0.0,3.057,0.013,225.981,0.938,141.999,0.59,0.0,0.000
7,4294967295,73,27,narrow_copy_flat_kernel,narrow_copy_flat_kernel,static,AI_VECTOR_CORE,1791658011770357.415	,217.980,0.170000,170,0,YES,"""1024,65536""",FLOAT,ND,"""512,65536""",FLOAT,ND,N/A,0.0,0,0.0,0.0,0.0,0.0,0.0,0.0,0.0,0.0,0.0,0.0,0.0,240.7,13503243,0.042,0.0,3.142,0.013,224.317,0.932,140.923,0.585,0.0,0.000
7,4294967295,74,27,narrow_copy_flat_kernel,narrow_copy_flat_kernel,static,AI_VECTOR_CORE,1791658011770575.415	,218.660,0.020000,170,0,YES,"""1024,65536""",FLOAT,ND,"""512,65536""",FLOAT,ND,N/A,0.0,0,0.0,0.0,0.0,0.0,0.0,0.0,0.0,0.0,0.0,0.0,0.0,241.39,13541952,0.042,0.0,3.159,0.013,224.079,0.928,148.114,0.614,0.0,0.000
7,4294967295,75,27,narrow_copy_flat_kernel,narrow_copy_flat_kernel,static,AI_VECTOR_CORE,1791658011770794.115	,218.020,0.000000,170,0,YES,"""1024,65536""",FLOAT,ND,"""512,65536""",FLOAT,ND,N/A,0.0,0,0.0,0.0,0.0,0.0,0.0,0.0,0.0,0.0,0.0,0.0,0.0,240.503,13492217,0.042,0.0,3.01,0.013,225.112,0.936,141.15,0.587,0.0,0.000
7,4294967295,76,27,narrow_copy_flat_kernel,narrow_copy_flat_kernel,static,AI_VECTOR_CORE,1791658011771012.155	,218.700,0.230000,170,0,YES,"""1024,65536""",FLOAT,ND,"""512,65536""",FLOAT,ND,N/A,0.0,0,0.0,0.0,0.0,0.0,0.0,0.0,0.0,0.0,0.0,0.0,0.0,240.933,13516347,0.042,0.0,2.905,0.012,225.161,0.935,139.658,0.58,0.0,0.000
7,4294967295,77,27,narrow_copy_flat_kernel,narrow_copy_flat_kernel,static,AI_VECTOR_CORE,1791658011771230.875	,217.560,0.050000,170,0,YES,"""1024,65536""",FLOAT,ND,"""512,65536""",FLOAT,ND,N/A,0.0,0,0.0,0.0,0.0,0.0,0.0,0.0,0.0,0.0,0.0,0.0,0.0,240.362,13484329,0.042,0.0,3.028,0.013,224.311,0.933,144.385,0.601,0.0,0.000
7,4294967295,78,27,narrow_copy_flat_kernel,narrow_copy_flat_kernel,static,AI_VECTOR_CORE,1791658011771448.455	,217.480,0.000000,170,0,YES,"""1024,65536""",FLOAT,ND,"""512,65536""",FLOAT,ND,N/A,0.0,0,0.0,0.0,0.0,0.0,0.0,0.0,0.0,0.0,0.0,0.0,0.0,240.616,13498568,0.042,0.0,2.933,0.012,223.57,0.929,144.766,0.602,0.0,0.000
7,4294967295,79,27,narrow_copy_flat_kernel,narrow_copy_flat_kernel,static,AI_VECTOR_CORE,1791658011771665.955	,217.740,0.020000,170,0,YES,"""1024,65536""",FLOAT,ND,"""512,65536""",FLOAT,ND,N/A,0.0,0,0.0,0.0,0.0,0.0,0.0,0.0,0.0,0.0,0.0,0.0,0.0,240.068,13467800,0.042,0.0,3.207,0.013,223.731,0.932,139.039,0.579,0.0,0.000
7,4294967295,80,27,narrow_copy_flat_kernel,narrow_copy_flat_kernel,static,AI_VECTOR_CORE,1791658011771883.735	,218.240,0.010000,170,0,YES,"""1024,65536""",FLOAT,ND,"""512,65536""",FLOAT,ND,N/A,0.0,0,0.0,0.0,0.0,0.0,0.0,0.0,0.0,0.0,0.0,0.0,0.0,240.455,13489547,0.042,0.0,3.297,0.014,224.382,0.933,142.73,0.594,0.0,0.000
7,4294967295,81,27,narrow_copy_flat_kernel,narrow_copy_flat_kernel,static,AI_VECTOR_CORE,1791658011772101.995	,219.360,0.010000,170,0,YES,"""1024,65536""",FLOAT,ND,"""512,65536""",FLOAT,ND,N/A,0.0,0,0.0,0.0,0.0,0.0,0.0,0.0,0.0,0.0,0.0,0.0,0.0,241.546,13550713,0.042,0.0,4.753,0.02,223.338,0.925,143.912,0.596,0.0,0.000
7,4294967295,82,27,narrow_copy_flat_kernel,narrow_copy_flat_kernel,static,AI_VECTOR_CORE,1791658011772321.375	,216.160,0.140000,170,0,YES,"""1024,65536""",FLOAT,ND,"""512,65536""",FLOAT,ND,N/A,0.0,0,0.0,0.0,0.0,0.0,0.0,0.0,0.0,0.0,0.0,0.0,0.0,241.077,13524447,0.042,0.0,4.761,0.02,224.278,0.93,144.462,0.599,0.0,0.000
7,4294967295,83,27,narrow_copy_flat_kernel,narrow_copy_flat_kernel,static,AI_VECTOR_CORE,1791658011772537.555	,218.220,0.000000,170,0,YES,"""1024,65536""",FLOAT,ND,"""512,65536""",FLOAT,ND,N/A,0.0,0,0.0,0.0,0.0,0.0,0.0,0.0,0.0,0.0,0.0,0.0,0.0,240.338,13482988,0.042,0.0,2.815,0.012,224.189,0.933,142.777,0.594,0.0,0.000
7,4294967295,84,27,narrow_copy_flat_kernel,narrow_copy_flat_kernel,static,AI_VECTOR_CORE,1791658011772755.795	,219.340,0.030000,170,0,YES,"""1024,65536""",FLOAT,ND,"""512,65536""",FLOAT,ND,N/A,0.0,0,0.0,0.0,0.0,0.0,0.0,0.0,0.0,0.0,0.0,0.0,0.0,241.057,13523287,0.042,0.0,2.974,0.012,223.821,0.928,145.431,0.603,0.0,0.000
7,4294967295,85,27,narrow_copy_flat_kernel,narrow_copy_flat_kernel,static,AI_VECTOR_CORE,1791658011772975.155	,219.700,0.160000,170,0,YES,"""1024,65536""",FLOAT,ND,"""512,65536""",FLOAT,ND,N/A,0.0,0,0.0,0.0,0.0,0.0,0.0,0.0,0.0,0.0,0.0,0.0,0.0,242.628,13611415,0.042,0.0,5.824,0.024,224.353,0.925,143.768,0.593,0.0,0.000
7,4294967295,86,27,narrow_copy_flat_kernel,narrow_copy_flat_kernel,static,AI_VECTOR_CORE,1791658011773194.875	,217.980,0.050000,170,0,YES,"""1024,65536""",FLOAT,ND,"""512,65536""",FLOAT,ND,N/A,0.0,0,0.0,0.0,0.0,0.0,0.0,0.0,0.0,0.0,0.0,0.0,0.0,241.271,13535284,0.042,0.0,4.803,0.02,226.066,0.937,139.882,0.58,0.0,0.000
7,4294967295,87,27,narrow_copy_flat_kernel,narrow_copy_flat_kernel,static,AI_VECTOR_CORE,1791658011773412.895	,219.440,0.020000,170,0,YES,"""1024,65536""",FLOAT,ND,"""512,65536""",FLOAT,ND,N/A,0.0,0,0.0,0.0,0.0,0.0,0.0,0.0,0.0,0.0,0.0,0.0,0.0,240.778,13507665,0.042,0.0,2.698,0.011,225.039,0.935,142.633,0.592,0.0,0.000
7,4294967295,88,27,narrow_copy_flat_kernel,narrow_copy_flat_kernel,static,AI_VECTOR_CORE,1791658011773632.355	,218.540,0.000000,170,0,YES,"""1024,65536""",FLOAT,ND,"""512,65536""",FLOAT,ND,N/A,0.0,0,0.0,0.0,0.0,0.0,0.0,0.0,0.0,0.0,0.0,0.0,0.0,240.96,13517839,0.042,0.0,3.097,0.013,224.931,0.933,144.315,0.599,0.0,0.000
7,4294967295,89,27,narrow_copy_flat_kernel,narrow_copy_flat_kernel,static,AI_VECTOR_CORE,1791658011773850.915	,219.020,0.210000,170,0,YES,"""1024,65536""",FLOAT,ND,"""512,65536""",FLOAT,ND,N/A,0.0,0,0.0,0.0,0.0,0.0,0.0,0.0,0.0,0.0,0.0,0.0,0.0,240.65,13500476,0.042,0.0,2.746,0.011,224.71,0.934,142.03,0.59,0.0,0.000
7,4294967295,90,27,narrow_copy_flat_kernel,narrow_copy_flat_kernel,static,AI_VECTOR_CORE,1791658011774069.955	,219.220,0.000000,170,0,YES,"""1024,65536""",FLOAT,ND,"""512,65536""",FLOAT,ND,N/A,0.0,0,0.0,0.0,0.0,0.0,0.0,0.0,0.0,0.0,0.0,0.0,0.0,241.382,13541519,0.042,0.0,3.073,0.013,225.797,0.935,145.092,0.601,0.0,0.000
7,4294967295,91,27,narrow_copy_flat_kernel,narrow_copy_flat_kernel,static,AI_VECTOR_CORE,1791658011774289.195	,216.540,0.030000,170,0,YES,"""1024,65536""",FLOAT,ND,"""512,65536""",FLOAT,ND,N/A,0.0,0,0.0,0.0,0.0,0.0,0.0,0.0,0.0,0.0,0.0,0.0,0.0,240.982,13519074,0.042,0.0,3.789,0.016,225.059,0.934,143.646,0.596,0.0,0.000
7,4294967295,92,27,narrow_copy_flat_kernel,narrow_copy_flat_kernel,static,AI_VECTOR_CORE,1791658011774505.755	,218.780,0.000000,170,0,YES,"""1024,65536""",FLOAT,ND,"""512,65536""",FLOAT,ND,N/A,0.0,0,0.0,0.0,0.0,0.0,0.0,0.0,0.0,0.0,0.0,0.0,0.0,241.325,13538315,0.042,0.0,2.695,0.011,225.571,0.935,143.492,0.595,0.0,0.000
7,4294967295,93,27,narrow_copy_flat_kernel,narrow_copy_flat_kernel,static,AI_VECTOR_CORE,1791658011774724.555	,218.100,0.000000,170,0,YES,"""1024,65536""",FLOAT,ND,"""512,65536""",FLOAT,ND,N/A,0.0,0,0.0,0.0,0.0,0.0,0.0,0.0,0.0,0.0,0.0,0.0,0.0,240.532,13493825,0.042,0.0,2.755,0.011,223.352,0.929,146.167,0.608,0.0,0.000
7,4294967295,94,27,narrow_copy_flat_kernel,narrow_copy_flat_kernel,static,AI_VECTOR_CORE,1791658011774942.675	,218.200,0.150000,170,0,YES,"""1024,65536""",FLOAT,ND,"""512,65536""",FLOAT,ND,N/A,0.0,0,0.0,0.0,0.0,0.0,0.0,0.0,0.0,0.0,0.0,0.0,0.0,241.29,13536385,0.042,0.0,2.957,0.012,225.415,0.934,144.804,0.6,0.0,0.000
7,4294967295,95,27,narrow_copy_flat_kernel,narrow_copy_flat_kernel,static,AI_VECTOR_CORE,1791658011775160.895	,219.720,0.050000,170,0,YES,"""1024,65536""",FLOAT,ND,"""512,65536""",FLOAT,ND,N/A,0.0,0,0.0,0.0,0.0,0.0,0.0,0.0,0.0,0.0,0.0,0.0,0.0,241.935,13572540,0.042,0.0,3.553,0.015,223.418,0.923,147.15,0.608,0.0,0.000
7,4294967295,96,27,narrow_copy_flat_kernel,narrow_copy_flat_kernel,static,AI_VECTOR_CORE,1791658011775380.655	,216.960,0.030000,170,0,YES,"""1024,65536""",FLOAT,ND,"""512,65536""",FLOAT,ND,N/A,0.0,0,0.0,0.0,0.0,0.0,0.0,0.0,0.0,0.0,0.0,0.0,0.0,240.479,13490883,0.042,0.0,3.528,0.015,225.239,0.937,140.531,0.584,0.0,0.000
7,4294967295,97,27,narrow_copy_flat_kernel,narrow_copy_flat_kernel,static,AI_VECTOR_CORE,1791658011775597.635	,219.160,0.040000,170,0,YES,"""1024,65536""",FLOAT,ND,"""512,65536""",FLOAT,ND,N/A,0.0,0,0.0,0.0,0.0,0.0,0.0,0.0,0.0,0.0,0.0,0.0,0.0,241.924,13571931,0.042,0.0,5.316,0.022,224.62,0.928,146.077,0.604,0.0,0.000
7,4294967295,98,27,narrow_copy_flat_kernel,narrow_copy_flat_kernel,static,AI_VECTOR_CORE,1791658011775816.835	,217.260,0.000000,170,0,YES,"""1024,65536""",FLOAT,ND,"""512,65536""",FLOAT,ND,N/A,0.0,0,0.0,0.0,0.0,0.0,0.0,0.0,0.0,0.0,0.0,0.0,0.0,242.407,13599046,0.042,0.0,5.561,0.023,223.471,0.922,146.168,0.603,0.0,0.000
7,4294967295,99,27,narrow_copy_flat_kernel,narrow_copy_flat_kernel,static,AI_VECTOR_CORE,1791658011776034.115	,217.640,0.000000,170,0,YES,"""1024,65536""",FLOAT,ND,"""512,65536""",FLOAT,ND,N/A,0.0,0,0.0,0.0,0.0,0.0,0.0,0.0,0.0,0.0,0.0,0.0,0.0,240.488,13491358,0.042,0.0,3.236,0.013,223.68,0.93,144.46,0.601,0.0,0.000
7,4294967295,100,27,narrow_copy_flat_kernel,narrow_copy_flat_kernel,static,AI_VECTOR_CORE,1791658011776251.775	,218.340,0.110000,170,0,YES,"""1024,65536""",FLOAT,ND,"""512,65536""",FLOAT,ND,N/A,0.0,0,0.0,0.0,0.0,0.0,0.0,0.0,0.0,0.0,0.0,0.0,0.0,241.856,13568113,0.042,0.0,3.071,0.013,226.019,0.935,144.633,0.598,0.0,0.000
7,4294967295,101,27,narrow_copy_flat_kernel,narrow_copy_flat_kernel,static,AI_VECTOR_CORE,1791658011776470.155	,219.300,0.160000,170,0,YES,"""1024,65536""",FLOAT,ND,"""512,65536""",FLOAT,ND,N/A,0.0,0,0.0,0.0,0.0,0.0,0.0,0.0,0.0,0.0,0.0,0.0,0.0,241.61,13554312,0.042,0.0,6.065,0.025,223.953,0.927,139.56,0.578,0.0,0.000
7,4294967295,102,27,narrow_copy_flat_kernel,narrow_copy_flat_kernel,static,AI_VECTOR_CORE,1791658011776689.475	,219.080,0.000000,170,0,YES,"""1024,65536""",FLOAT,ND,"""512,65536""",FLOAT,ND,N/A,0.0,0,0.0,0.0,0.0,0.0,0.0,0.0,0.0,0.0,0.0,0.0,0.0,241.414,13543335,0.042,0.0,5.902,0.024,223.063,0.924,139.286,0.577,0.0,0.000
7,4294967295,103,27,narrow_copy_flat_kernel,narrow_copy_flat_kernel,static,AI_VECTOR_CORE,1791658011776908.595	,218.700,0.000000,170,0,YES,"""1024,65536""",FLOAT,ND,"""512,65536""",FLOAT,ND,N/A,0.0,0,0.0,0.0,0.0,0.0,0.0,0.0,0.0,0.0,0.0,0.0,0.0,241.672,13557794,0.042,0.0,4.252,0.018,223.979,0.927,146.329,0.605,0.0,0.000
7,4294967295,104,27,narrow_copy_flat_kernel,narrow_copy_flat_kernel,static,AI_VECTOR_CORE,1791658011777127.315	,219.400,0.050000,170,0,YES,"""1024,65536""",FLOAT,ND,"""512,65536""",FLOAT,ND,N/A,0.0,0,0.0,0.0,0.0,0.0,0.0,0.0,0.0,0.0,0.0,0.0,0.0,241.158,13528938,0.042,0.0,2.883,0.012,226.487,0.939,144.205,0.598,0.0,0.000
7,4294967295,105,27,narrow_copy_flat_kernel,narrow_copy_flat_kernel,static,AI_VECTOR_CORE,1791658011777346.735	,216.960,0.100000,170,0,YES,"""1024,65536""",FLOAT,ND,"""512,65536""",FLOAT,ND,N/A,0.0,0,0.0,0.0,0.0,0.0,0.0,0.0,0.0,0.0,0.0,0.0,0.0,241.227,13532840,0.042,0.0,3.197,0.013,225.633,0.935,143.731,0.596,0.0,0.000
7,4294967295,106,27,narrow_copy_flat_kernel,narrow_copy_flat_kernel,static,AI_VECTOR_CORE,1791658011777563.715	,218.720,0.040000,170,0,YES,"""1024,65536""",FLOAT,ND,"""512,65536""",FLOAT,ND,N/A,0.0,0,0.0,0.0,0.0,0.0,0.0,0.0,0.0,0.0,0.0,0.0,0.0,242.005,13576486,0.042,0.0,3.104,0.013,226.321,0.935,142.775,0.59,0.0,0.000
7,4294967295,107,27,narrow_copy_flat_kernel,narrow_copy_flat_kernel,static,AI_VECTOR_CORE,1791658011777782.475	,218.520,0.030000,170,0,YES,"""1024,65536""",FLOAT,ND,"""512,65536""",FLOAT,ND,N/A,0.0,0,0.0,0.0,0.0,0.0,0.0,0.0,0.0,0.0,0.0,0.0,0.0,241.366,13540648,0.042,0.0,3.238,0.013,225.83,0.936,142.418,0.59,0.0,0.000
7,4294967295,108,27,narrow_copy_flat_kernel,narrow_copy_flat_kernel,static,AI_VECTOR_CORE,1791658011778001.035	,217.880,0.000000,170,0,YES,"""1024,65536""",FLOAT,ND,"""512,65536""",FLOAT,ND,N/A,0.0,0,0.0,0.0,0.0,0.0,0.0,0.0,0.0,0.0,0.0,0.0,0.0,240.731,13505026,0.042,0.0,2.924,0.012,224.838,0.934,142.075,0.59,0.0,0.000
7,4294967295,109,27,narrow_copy_flat_kernel,narrow_copy_flat_kernel,static,AI_VECTOR_CORE,1791658011778218.935	,218.520,0.120000,170,0,YES,"""1024,65536""",FLOAT,ND,"""512,65536""",FLOAT,ND,N/A,0.0,0,0.0,0.0,0.0,0.0,0.0,0.0,0.0,0.0,0.0,0.0,0.0,240.877,13513187,0.042,0.0,2.965,0.012,225.959,0.938,141.229,0.586,0.0,0.000
7,4294967295,110,27,narrow_copy_flat_kernel,narrow_copy_flat_kernel,static,AI_VECTOR_CORE,1791658011778437.475	,218.400,0.000000,170,0,YES,"""1024,65536""",FLOAT,ND,"""512,65536""",FLOAT,ND,N/A,0.0,0,0.0,0.0,0.0,0.0,0.0,0.0,0.0,0.0,0.0,0.0,0.0,241.525,13549556,0.042,0.0,2.933,0.012,225.147,0.932,146.157,0.605,0.0,0.000
7,4294967295,111,27,narrow_copy_flat_kernel,narrow_copy_flat_kernel,static,AI_VECTOR_CORE,1791658011778655.895	,218.780,0.100000,170,0,YES,"""1024,65536""",FLOAT,ND,"""512,65536""",FLOAT,ND,N/A,0.0,0,0.0,0.0,0.0,0.0,0.0,0.0,0.0,0.0,0.0,0.0,0.0,241.212,13531983,0.042,0.0,3.022,0.013,224.429,0.93,143.658,0.596,0.0,0.000
7,4294967295,112,27,narrow_copy_flat_kernel,narrow_copy_flat_kernel,static,AI_VECTOR_CORE,1791658011778874.695	,218.020,0.000000,170,0,YES,"""1024,65536""",FLOAT,ND,"""512,65536""",FLOAT,ND,N/A,0.0,0,0.0,0.0,0.0,0.0,0.0,0.0,0.0,0.0,0.0,0.0,0.0,241.001,13520183,0.042,0.0,4.897,0.02,223.349,0.927,143.784,0.597,0.0,0.000
7,4294967295,113,27,narrow_copy_flat_kernel,narrow_copy_flat_kernel,static,AI_VECTOR_CORE,1791658011779092.755	,217.960,0.000000,170,0,YES,"""1024,65536""",FLOAT,ND,"""512,65536""",FLOAT,ND,N/A,0.0,0,0.0,0.0,0.0,0.0,0.0,0.0,0.0,0.0,0.0,0.0,0.0,240.588,13496967,0.042,0.0,2.76,0.011,225.164,0.936,140.657,0.585,0.0,0.000
