operator,uuid,axes,flaggems_us,candidate_us,flaggems_pytorch_us,candidate_pytorch_us,candidate_over_flaggems
mse_loss_backward,benchmark/test_mse_loss_backward.py::test_mse_loss_backward::core::float16::0,"{""benchmark_level"": ""core"", ""dtype"": ""float16"", ""shape_detail"": [[64, 64], [64, 64], [64, 64], 1]}",1.436,1.8293333333333333,3.578,3.5860333333333334,0.7849854227405249
mse_loss_backward,benchmark/test_mse_loss_backward.py::test_mse_loss_backward::core::float16::1,"{""benchmark_level"": ""core"", ""dtype"": ""float16"", ""shape_detail"": [[256, 256], [256, 256], [256, 256], 1]}",4.266666666666667,2.331366666666667,3.1793333333333336,3.1506999999999996,1.8301139531891164
mse_loss_backward,benchmark/test_mse_loss_backward.py::test_mse_loss_backward::core::float16::2,"{""benchmark_level"": ""core"", ""dtype"": ""float16"", ""shape_detail"": [[1024, 1024], [1024, 1024], [1024, 1024], 1]}",9.339333333333332,7.872800000000001,9.012666666666666,9.173433333333334,1.18627849473292
mse_loss_backward,benchmark/test_mse_loss_backward.py::test_mse_loss_backward::core::float16::3,"{""benchmark_level"": ""core"", ""dtype"": ""float16"", ""shape_detail"": [[4096, 4096], [4096, 4096], [4096, 4096], 1]}",106.48466666666667,88.97573333333334,124.00466666666667,133.62936666666667,1.196783242771812
mse_loss_backward,benchmark/test_mse_loss_backward.py::test_mse_loss_backward::core::float16::4,"{""benchmark_level"": ""core"", ""dtype"": ""float16"", ""shape_detail"": [[1024, 65536], [1024, 65536], [1024, 65536], 1]}",545.322,467.1993333333333,552.5186666666666,552.0797,1.1672148504778117
mse_loss_backward,benchmark/test_mse_loss_backward.py::test_mse_loss_backward::core::float32::0,"{""benchmark_level"": ""core"", ""dtype"": ""float32"", ""shape_detail"": [[64, 64], [64, 64], [64, 64], 1]}",1.3713333333333333,1.4793333333333332,2.2013333333333334,2.2000333333333333,0.9269941415051827
mse_loss_backward,benchmark/test_mse_loss_backward.py::test_mse_loss_backward::core::float32::1,"{""benchmark_level"": ""core"", ""dtype"": ""float32"", ""shape_detail"": [[256, 256], [256, 256], [256, 256], 1]}",4.145333333333333,2.556033333333333,3.9766666666666666,3.8528,1.621783753472177
mse_loss_backward,benchmark/test_mse_loss_backward.py::test_mse_loss_backward::core::float32::2,"{""benchmark_level"": ""core"", ""dtype"": ""float32"", ""shape_detail"": [[1024, 1024], [1024, 1024], [1024, 1024], 1]}",10.241333333333333,7.8175,8.918000000000001,8.8215,1.3100522332373947
mse_loss_backward,benchmark/test_mse_loss_backward.py::test_mse_loss_backward::core::float32::3,"{""benchmark_level"": ""core"", ""dtype"": ""float32"", ""shape_detail"": [[4096, 4096], [4096, 4096], [4096, 4096], 1]}",239.61666666666665,226.73853333333332,252.64199999999997,243.23886666666667,1.0567972860369566
mse_loss_backward,benchmark/test_mse_loss_backward.py::test_mse_loss_backward::core::float32::4,"{""benchmark_level"": ""core"", ""dtype"": ""float32"", ""shape_detail"": [[1024, 65536], [1024, 65536], [1024, 65536], 1]}",1005.9973333333334,921.0877666666667,987.6013333333333,987.5871,1.0921840130109932
mse_loss_backward,benchmark/test_mse_loss_backward.py::test_mse_loss_backward::core::bfloat16::0,"{""benchmark_level"": ""core"", ""dtype"": ""bfloat16"", ""shape_detail"": [[64, 64], [64, 64], [64, 64], 1]}",1.4446666666666668,1.554,2.6066666666666665,2.605366666666667,0.9296439296439297
mse_loss_backward,benchmark/test_mse_loss_backward.py::test_mse_loss_backward::core::bfloat16::1,"{""benchmark_level"": ""core"", ""dtype"": ""bfloat16"", ""shape_detail"": [[256, 256], [256, 256], [256, 256], 1]}",4.239333333333333,2.4646999999999997,3.2993333333333332,3.3174,1.7200200159586696
mse_loss_backward,benchmark/test_mse_loss_backward.py::test_mse_loss_backward::core::bfloat16::2,"{""benchmark_level"": ""core"", ""dtype"": ""bfloat16"", ""shape_detail"": [[1024, 1024], [1024, 1024], [1024, 1024], 1]}",9.466666666666667,7.785533333333334,9.511333333333333,9.506866666666667,1.2159304008288876
mse_loss_backward,benchmark/test_mse_loss_backward.py::test_mse_loss_backward::core::bfloat16::3,"{""benchmark_level"": ""core"", ""dtype"": ""bfloat16"", ""shape_detail"": [[4096, 4096], [4096, 4096], [4096, 4096], 1]}",107.22866666666667,88.65176666666666,127.39466666666668,136.33673333333334,1.209549123480525
mse_loss_backward,benchmark/test_mse_loss_backward.py::test_mse_loss_backward::core::bfloat16::4,"{""benchmark_level"": ""core"", ""dtype"": ""bfloat16"", ""shape_detail"": [[1024, 65536], [1024, 65536], [1024, 65536], 1]}",546.5926666666666,467.824,561.6139999999999,562.7386,1.1683724363578325
t_copy,benchmark/test_t_copy.py::test_t_copy::core::float16::1,"{""benchmark_level"": ""core"", ""dtype"": ""float16"", ""shape_detail"": [[64, 64]]}",1.8327,1.6106666666666667,10.3102,10.147333333333334,1.137851821192053
t_copy,benchmark/test_t_copy.py::test_t_copy::core::float16::2,"{""benchmark_level"": ""core"", ""dtype"": ""float16"", ""shape_detail"": [[4096, 4096]]}",88.9784,31.206,57.333133333333336,61.26533333333334,2.8513234634365183
t_copy,benchmark/test_t_copy.py::test_t_copy::core::float32::1,"{""benchmark_level"": ""core"", ""dtype"": ""float32"", ""shape_detail"": [[64, 64]]}",1.702,1.3366666666666667,10.488166666666666,10.396,1.2733167082294263
t_copy,benchmark/test_t_copy.py::test_t_copy::core::float32::2,"{""benchmark_level"": ""core"", ""dtype"": ""float32"", ""shape_detail"": [[4096, 4096]]}",194.7379,97.53533333333334,133.3727,129.75533333333334,1.9965882449437127
t_copy,benchmark/test_t_copy.py::test_t_copy::core::bfloat16::1,"{""benchmark_level"": ""core"", ""dtype"": ""bfloat16"", ""shape_detail"": [[64, 64]]}",1.7953666666666666,1.5633333333333332,10.1861,10.308,1.1484221748400854
t_copy,benchmark/test_t_copy.py::test_t_copy::core::bfloat16::2,"{""benchmark_level"": ""core"", ""dtype"": ""bfloat16"", ""shape_detail"": [[4096, 4096]]}",88.65443333333334,31.68533333333333,57.34780000000001,61.66,2.797964357852214
